{
"type": "FeatureCollection",
"name": "EPCI",
"crs": { "type": "name", "properties": { "name": "urn:ogc:def:crs:OGC:1.3:CRS84" } },
"features": [
{ "type": "Feature", "properties": { "fid": 17, "INSEE_ARR": "5", "INSEE_DEP": "67", "CODE_EPCI": "200067924", "NOM_EPCI": "CDC DU CANTON D'ERSTEIN\n" }, "geometry": { "type": "MultiPolygon", "coordinates": [ [ [ [ 7.638523149763161, 48.280973510888572 ], [ 7.638816023668536, 48.281538842602735 ], [ 7.639028154920298, 48.282873443378122 ], [ 7.638800173996012, 48.282891405964833 ], [ 7.637502713173157, 48.283645339009645 ], [ 7.636438741257601, 48.28444417296047 ], [ 7.63554099994824, 48.284984114011074 ], [ 7.635868616176307, 48.286710751806545 ], [ 7.635177489039145, 48.286837002612522 ], [ 7.63548301535443, 48.287546049976342 ], [ 7.63370330421969, 48.287886228994452 ], [ 7.62935846586811, 48.288543194651105 ], [ 7.631499540948449, 48.291388481370525 ], [ 7.632690967538865, 48.292342212251498 ], [ 7.630498721342696, 48.291833272993252 ], [ 7.629045815168517, 48.29220563415744 ], [ 7.624827269033077, 48.292767341119564 ], [ 7.623957740545825, 48.296091019877231 ], [ 7.623034329153949, 48.296649878376606 ], [ 7.625223629500891, 48.299736719357824 ], [ 7.622100904954988, 48.301093602086816 ], [ 7.620925548412031, 48.301707351923518 ], [ 7.620257506047593, 48.300868244680451 ], [ 7.616634514137671, 48.30129819541802 ], [ 7.613829585978293, 48.301506841917046 ], [ 7.611464792448796, 48.30195961899971 ], [ 7.610101073964167, 48.302120959344514 ], [ 7.61004705300302, 48.302429494999174 ], [ 7.610393979663182, 48.305155799228196 ], [ 7.610218171407751, 48.305153642511357 ], [ 7.610134775291318, 48.305589499287137 ], [ 7.609738312260144, 48.306461154712849 ], [ 7.607631567737993, 48.308012327748514 ], [ 7.607562582095017, 48.308150204654318 ], [ 7.606875634566395, 48.308636613944515 ], [ 7.605272508517239, 48.310077986765521 ], [ 7.604875548042509, 48.310327773494762 ], [ 7.599503896629816, 48.312708866302948 ], [ 7.600212711555675, 48.313861926910114 ], [ 7.60046361648103, 48.314104514774627 ], [ 7.600268473141466, 48.314499643254642 ], [ 7.599919685345649, 48.31591915666494 ], [ 7.597834011241857, 48.318028070018762 ], [ 7.597623011966803, 48.318396770870507 ], [ 7.597105424336871, 48.321751486387654 ], [ 7.594856339546016, 48.321838890716528 ], [ 7.593171184590881, 48.322039536957959 ], [ 7.592250128110718, 48.322634072301383 ], [ 7.590628999585731, 48.322949355318066 ], [ 7.589699363349973, 48.32251679424219 ], [ 7.587265681818725, 48.320177884273569 ], [ 7.584868042770339, 48.319955431506969 ], [ 7.583460407734147, 48.319928885327258 ], [ 7.582336534566731, 48.319747130506499 ], [ 7.580660515786382, 48.319586753412963 ], [ 7.578539914203986, 48.319596775372403 ], [ 7.576546536065819, 48.319205295496737 ], [ 7.575921579883268, 48.319166393336666 ], [ 7.573478564168004, 48.319197812614362 ], [ 7.570879765638999, 48.32023556169689 ], [ 7.569420973506718, 48.320553290543145 ], [ 7.568779212902266, 48.320632158503294 ], [ 7.568251638371779, 48.320625502202837 ], [ 7.567496884806923, 48.320492434578604 ], [ 7.566355901623782, 48.32011292199541 ], [ 7.565633766838633, 48.319888461343517 ], [ 7.564555688508623, 48.319299223017296 ], [ 7.557835196370675, 48.319243001333284 ], [ 7.556819164433629, 48.319056851821891 ], [ 7.556286403649952, 48.318834051049983 ], [ 7.555083850386996, 48.317898052797538 ], [ 7.554754629913022, 48.317216797797734 ], [ 7.554058957021936, 48.31636039962104 ], [ 7.553355558330324, 48.315882805655804 ], [ 7.550751599748962, 48.315613545789262 ], [ 7.549631561579519, 48.315160976287309 ], [ 7.549272378889649, 48.31491344326902 ], [ 7.548338849382105, 48.313804813417676 ], [ 7.547996275904226, 48.313124055553502 ], [ 7.546666768417328, 48.313373450466862 ], [ 7.546164648949302, 48.313347695602872 ], [ 7.546066235176492, 48.313459624672959 ], [ 7.546284252414829, 48.313793703298181 ], [ 7.546388568517355, 48.314375480330781 ], [ 7.54620206114095, 48.315031523108495 ], [ 7.546067902105065, 48.315198898816668 ], [ 7.546078496465657, 48.315477866891676 ], [ 7.546451910729201, 48.315733874016722 ], [ 7.546630856653294, 48.315772054487667 ], [ 7.546662177175261, 48.315978128760982 ], [ 7.546366652080678, 48.316467132472674 ], [ 7.546008212169795, 48.316697202818979 ], [ 7.545587364778886, 48.316830537758769 ], [ 7.545026964539685, 48.316599738988366 ], [ 7.544687692098079, 48.316738947468622 ], [ 7.54470398686335, 48.316927575122683 ], [ 7.545231976412643, 48.317565165213622 ], [ 7.54499860759834, 48.317835485077168 ], [ 7.54451662045604, 48.31804326206727 ], [ 7.544577196231182, 48.318275248276997 ], [ 7.545013303122142, 48.318474778179699 ], [ 7.545172808884109, 48.318757034419122 ], [ 7.54514450170622, 48.319524148953853 ], [ 7.545028451644112, 48.319744898820389 ], [ 7.54481114326587, 48.319888431262363 ], [ 7.544076354740809, 48.320141968491633 ], [ 7.543789097633428, 48.320414355351787 ], [ 7.543871616320412, 48.321213258046249 ], [ 7.544098741878746, 48.321339712279759 ], [ 7.545080852184087, 48.321446165702469 ], [ 7.545285702284923, 48.321627546226559 ], [ 7.545341628818425, 48.321805638041802 ], [ 7.545250958598414, 48.322007388055695 ], [ 7.544799475295275, 48.322412257002867 ], [ 7.544249050907592, 48.322766853211505 ], [ 7.543914670178069, 48.322806736795677 ], [ 7.543530573887022, 48.322740384829579 ], [ 7.542779381043376, 48.323273915017154 ], [ 7.542808789892921, 48.324083868309152 ], [ 7.543352904335034, 48.324594677559709 ], [ 7.543390423964227, 48.324872609172502 ], [ 7.54313395439427, 48.325188869819691 ], [ 7.542878538646837, 48.325360896906382 ], [ 7.54194036086322, 48.325451000156015 ], [ 7.541884081401611, 48.325894749988031 ], [ 7.542078496325376, 48.326581208980087 ], [ 7.540904507759544, 48.325662001982593 ], [ 7.540683574309539, 48.325607399926795 ], [ 7.540593455286176, 48.325502715559779 ], [ 7.539834340330162, 48.325162363459334 ], [ 7.539311666500674, 48.325056256518003 ], [ 7.539087052478146, 48.325272152821086 ], [ 7.538692282115456, 48.325395446348324 ], [ 7.537853142000795, 48.325067164914834 ], [ 7.537600923652662, 48.324806481842231 ], [ 7.53746616922598, 48.324027608320343 ], [ 7.537919935615514, 48.324118342845907 ], [ 7.537727429813668, 48.323296624956072 ], [ 7.535811968528248, 48.323649472183931 ], [ 7.534085612868918, 48.321336503387684 ], [ 7.532593751549362, 48.321429736818217 ], [ 7.531386892511635, 48.321223648608694 ], [ 7.530575573984356, 48.320903264859808 ], [ 7.528192330526622, 48.319588673841935 ], [ 7.527553490596869, 48.319387833898254 ], [ 7.527123864315064, 48.31989092658926 ], [ 7.526526858208563, 48.31939108531359 ], [ 7.525543500256504, 48.318797883201903 ], [ 7.5249174807574, 48.318902945271354 ], [ 7.524501866679992, 48.318783667662615 ], [ 7.524244672484033, 48.318306862312248 ], [ 7.524028757733244, 48.31815290733293 ], [ 7.523776442850727, 48.31726136474677 ], [ 7.523921055451215, 48.317057569761886 ], [ 7.523677004939702, 48.316733463482706 ], [ 7.521736896493422, 48.316483233108571 ], [ 7.521105493513947, 48.31652539825037 ], [ 7.52014015466868, 48.316769575148378 ], [ 7.518449192735735, 48.317374912022515 ], [ 7.51638223454563, 48.317850392724537 ], [ 7.516233735072418, 48.318009266144891 ], [ 7.516053778958518, 48.3187461016227 ], [ 7.5158702704853, 48.31896939444124 ], [ 7.515257745350453, 48.3193893051494 ], [ 7.514722526308327, 48.319607999812206 ], [ 7.513581248141822, 48.319849823877419 ], [ 7.512464214340076, 48.320216877432344 ], [ 7.512284877759702, 48.320016447313343 ], [ 7.509570913859775, 48.320669687260576 ], [ 7.509450092234137, 48.320836507212618 ], [ 7.50685726855508, 48.321169649157397 ], [ 7.505727451810031, 48.321861547952814 ], [ 7.505642784598847, 48.322135127512446 ], [ 7.503749120663403, 48.321954923957144 ], [ 7.503658664642995, 48.322318839973313 ], [ 7.503312721601335, 48.322223871380508 ], [ 7.496699194399265, 48.322628705369446 ], [ 7.496352428887605, 48.322840147118917 ], [ 7.496413982109371, 48.322927924366688 ], [ 7.498673158813808, 48.323589989206823 ], [ 7.502288471181736, 48.324939361809243 ], [ 7.502782963833647, 48.325190890323839 ], [ 7.502215223151374, 48.326293913093991 ], [ 7.502025260628412, 48.328653207907465 ], [ 7.503245993888026, 48.329336690257954 ], [ 7.504593771662011, 48.329925205497752 ], [ 7.504419406829135, 48.33025626805194 ], [ 7.50361578281704, 48.330340937624733 ], [ 7.503598401069198, 48.331242772252246 ], [ 7.503116847560729, 48.332090183270516 ], [ 7.502220063821106, 48.332034201051052 ], [ 7.502405155690503, 48.332459718455375 ], [ 7.503157584330498, 48.332881663388029 ], [ 7.503436613577025, 48.333141392567086 ], [ 7.503670594726628, 48.333664175802014 ], [ 7.501060773950296, 48.335385608995892 ], [ 7.50392359303923, 48.337881029840368 ], [ 7.504393577890227, 48.3381605222216 ], [ 7.507613556677138, 48.34087656612364 ], [ 7.510843114449806, 48.343700304797558 ], [ 7.510763040893017, 48.343712369201356 ], [ 7.51246936993595, 48.345008071722582 ], [ 7.515107217323314, 48.347232461711101 ], [ 7.517709137760506, 48.349665438437114 ], [ 7.514910906980383, 48.350141714348958 ], [ 7.511513524989289, 48.350568672843934 ], [ 7.511659259271561, 48.352897131922248 ], [ 7.511930412579958, 48.353851038804642 ], [ 7.512243087730084, 48.354028361654159 ], [ 7.512702901121182, 48.354659666306183 ], [ 7.513581649011673, 48.355130806328958 ], [ 7.514557517407353, 48.356102886943923 ], [ 7.514718561501845, 48.356718546102371 ], [ 7.514442159258464, 48.357278798872009 ], [ 7.517284884341287, 48.355899688130776 ], [ 7.519526580441973, 48.356967594923717 ], [ 7.52083678741672, 48.357737615220323 ], [ 7.52203112965567, 48.357160298721332 ], [ 7.523685470222579, 48.358629062195021 ], [ 7.524756374868089, 48.359759643601038 ], [ 7.525181474311922, 48.360770722055612 ], [ 7.529611375709374, 48.361962037258884 ], [ 7.529816784909015, 48.362305632146196 ], [ 7.529756813001651, 48.362551242901077 ], [ 7.529845106460463, 48.362791179427468 ], [ 7.530159124997851, 48.363139628795842 ], [ 7.530343460176079, 48.363709321459694 ], [ 7.530582350027345, 48.363970528422307 ], [ 7.530937734129772, 48.364641813143052 ], [ 7.530667340132, 48.365427167363499 ], [ 7.530664383498706, 48.365706642410039 ], [ 7.530815121717947, 48.366043316290629 ], [ 7.531193925741421, 48.366515446693207 ], [ 7.531267032772416, 48.367206546678233 ], [ 7.531566058260471, 48.367537543129103 ], [ 7.531750424080716, 48.368107231736381 ], [ 7.531975234511603, 48.368675371579769 ], [ 7.533822816997771, 48.370181665620265 ], [ 7.534199966295147, 48.370320418949376 ], [ 7.534682496869546, 48.37089670607314 ], [ 7.53381678824435, 48.371209225721088 ], [ 7.533410342704633, 48.370260543801052 ], [ 7.531119411684937, 48.370357264990531 ], [ 7.528920062960729, 48.370261193697935 ], [ 7.528881298832895, 48.370596106979171 ], [ 7.529069385803108, 48.370895306606897 ], [ 7.529744015082714, 48.371347111077156 ], [ 7.530336539132318, 48.371630833066575 ], [ 7.531247193395846, 48.371839294599539 ], [ 7.531178067434032, 48.372292522086987 ], [ 7.530658180682534, 48.372537710205997 ], [ 7.531305566931328, 48.373143746810022 ], [ 7.533443382514533, 48.375504054481155 ], [ 7.533907033222039, 48.375233974037322 ], [ 7.534272030604999, 48.384637118056609 ], [ 7.533537836833511, 48.384908541483725 ], [ 7.531727017274171, 48.386500806286129 ], [ 7.531838437113492, 48.387478799833573 ], [ 7.533002798319682, 48.387488304447004 ], [ 7.532805790200671, 48.388027526243683 ], [ 7.53505847513869, 48.389202895897981 ], [ 7.535372685915053, 48.389551324558511 ], [ 7.534842263859647, 48.389832971691192 ], [ 7.535615330515195, 48.39079463572093 ], [ 7.536859428433463, 48.390629832110761 ], [ 7.537287157221102, 48.39135239216516 ], [ 7.53842259982573, 48.39118272375778 ], [ 7.538673882294469, 48.391272220958115 ], [ 7.538859770781337, 48.3915444549718 ], [ 7.539101742649498, 48.391526169528071 ], [ 7.538984615288028, 48.393459129536787 ], [ 7.540083913974547, 48.393966698162487 ], [ 7.540486382449184, 48.39423963876979 ], [ 7.541075542982509, 48.394793789603348 ], [ 7.541398368900601, 48.395241000298626 ], [ 7.541646982246468, 48.395925356003403 ], [ 7.542332696768509, 48.397908632924612 ], [ 7.542378596753407, 48.397969953378308 ], [ 7.54328071245589, 48.397917330536231 ], [ 7.543510498708255, 48.398070723895579 ], [ 7.543753992983116, 48.398538994794087 ], [ 7.544223177489666, 48.398800352983812 ], [ 7.54452868121265, 48.399203162651119 ], [ 7.544849181796001, 48.400092019035377 ], [ 7.545085702163188, 48.400479451097695 ], [ 7.545078933968007, 48.400714010610031 ], [ 7.544543511660839, 48.401095015078113 ], [ 7.544456587387053, 48.401341661109726 ], [ 7.544365113136372, 48.40278701312694 ], [ 7.544196140984659, 48.403649588546259 ], [ 7.544422015052997, 48.404226671276419 ], [ 7.544384101812, 48.404570562748681 ], [ 7.544562294710384, 48.404752968250158 ], [ 7.544453718618517, 48.406000719783975 ], [ 7.544730956814349, 48.406701991817229 ], [ 7.545465900490981, 48.406592691100613 ], [ 7.546928288331203, 48.409726638639263 ], [ 7.546981109687796, 48.411274585223431 ], [ 7.547471424861232, 48.411778431768042 ], [ 7.547159304696011, 48.411925583419027 ], [ 7.547439480338861, 48.412347380385668 ], [ 7.547495242526576, 48.412678664328851 ], [ 7.547262481044063, 48.413273342979004 ], [ 7.547293084321649, 48.413470420508133 ], [ 7.547802603348172, 48.41435200986885 ], [ 7.548263125262739, 48.41466775636566 ], [ 7.548434098178908, 48.414922525279678 ], [ 7.549815683105296, 48.417744134215596 ], [ 7.550404167326359, 48.418442451790888 ], [ 7.551160290094847, 48.419044213617781 ], [ 7.552870038974462, 48.419870666247171 ], [ 7.556612170384546, 48.420871282425132 ], [ 7.55905375882232, 48.421236955875287 ], [ 7.559889886185175, 48.421511174637814 ], [ 7.560637809178513, 48.421860874407038 ], [ 7.561606649001338, 48.422571537010967 ], [ 7.563976238208082, 48.425066597455988 ], [ 7.564722368018014, 48.426173307561903 ], [ 7.56529417713812, 48.42652075237352 ], [ 7.566732785676906, 48.426870842319552 ], [ 7.568875491155256, 48.427220807668157 ], [ 7.569223025457347, 48.427324558581574 ], [ 7.570315303212953, 48.427895223661295 ], [ 7.572052828315214, 48.428567149998372 ], [ 7.573885839033966, 48.429091182825054 ], [ 7.575200955886439, 48.429265709497294 ], [ 7.575540500976097, 48.429432831903796 ], [ 7.575762504190266, 48.429649549247692 ], [ 7.576679326384889, 48.431001925099537 ], [ 7.577148838646579, 48.432038142945871 ], [ 7.578343321000524, 48.433623094793134 ], [ 7.578642666015149, 48.434260361249784 ], [ 7.578946973366137, 48.435420103225354 ], [ 7.579295014284165, 48.435839210337384 ], [ 7.582430746544918, 48.437475272415959 ], [ 7.584811105979854, 48.439609075056225 ], [ 7.588654493547249, 48.441433888677892 ], [ 7.589360040112386, 48.441758026081082 ], [ 7.590195722825695, 48.442176247597338 ], [ 7.592358130981902, 48.444444511919009 ], [ 7.593035170387902, 48.44475171036985 ], [ 7.592212371471601, 48.444945792843249 ], [ 7.59171608386435, 48.446704240841321 ], [ 7.590567686848867, 48.448596072088527 ], [ 7.589957453255142, 48.44982723827394 ], [ 7.589677930577268, 48.45065810414787 ], [ 7.58938509902517, 48.452111275142286 ], [ 7.589093679455669, 48.456213754123659 ], [ 7.589464397145393, 48.45890283592459 ], [ 7.590231536068479, 48.462405618403253 ], [ 7.590767619356295, 48.464196159125564 ], [ 7.591002990648411, 48.465646893164575 ], [ 7.591735646893837, 48.467979512036869 ], [ 7.591949878566525, 48.468259582020721 ], [ 7.592763984292906, 48.468426310823943 ], [ 7.593970135271026, 48.469046441859248 ], [ 7.594171796705343, 48.46918281300615 ], [ 7.594781768850625, 48.469339412586891 ], [ 7.596073720017611, 48.470010268087542 ], [ 7.597631095435104, 48.470616754046986 ], [ 7.59807575515222, 48.470896893420324 ], [ 7.599123340090222, 48.471252780292552 ], [ 7.599880340701636, 48.471385631160381 ], [ 7.600022488896411, 48.471461221160069 ], [ 7.600201775077739, 48.471805712810315 ], [ 7.600747416755236, 48.472000823815407 ], [ 7.60095541001207, 48.472209029902181 ], [ 7.603195889478411, 48.473185450330838 ], [ 7.604732939553321, 48.473558340322761 ], [ 7.604848087756173, 48.473634973043964 ], [ 7.604808943073871, 48.473960903773005 ], [ 7.604954259623329, 48.47407241094416 ], [ 7.605500731185765, 48.474276480567575 ], [ 7.60579393248128, 48.474220039365093 ], [ 7.605802805071744, 48.474012432100359 ], [ 7.606332617501906, 48.474181099143657 ], [ 7.606935583742616, 48.474256808526 ], [ 7.607189747351566, 48.474373097157894 ], [ 7.607392158874074, 48.474671624047481 ], [ 7.607868837613094, 48.474698165435235 ], [ 7.60806494130387, 48.474924844861825 ], [ 7.608302447252283, 48.475005732630279 ], [ 7.609162577932837, 48.475540035145492 ], [ 7.609827485712001, 48.475703438143427 ], [ 7.610036319113529, 48.475920608482816 ], [ 7.610443811805428, 48.476085000363383 ], [ 7.610922873790869, 48.476138471727495 ], [ 7.611230211319874, 48.476396868479696 ], [ 7.613009596645745, 48.477057613880362 ], [ 7.613805807561683, 48.476864442763407 ], [ 7.615031726298012, 48.476933904823028 ], [ 7.61617811818172, 48.477177667042611 ], [ 7.616666750097489, 48.47718568603041 ], [ 7.617858421880016, 48.477481739187063 ], [ 7.618349429627393, 48.477516693337101 ], [ 7.618681453561241, 48.477747076729393 ], [ 7.619375865711935, 48.477783118652916 ], [ 7.619809568238957, 48.478090643089082 ], [ 7.620315672932808, 48.478143024421641 ], [ 7.620569093683185, 48.478250303390269 ], [ 7.621064912580898, 48.478185932780022 ], [ 7.621554293719555, 48.478356109864777 ], [ 7.621988907521485, 48.478366211838768 ], [ 7.622706337698244, 48.478509475933137 ], [ 7.62288980383531, 48.478745637211929 ], [ 7.623028046404809, 48.47877629596978 ], [ 7.623425355392182, 48.478670696978774 ], [ 7.624005342232018, 48.478792275548187 ], [ 7.624367582164947, 48.479057512377572 ], [ 7.624787110605979, 48.47905016936766 ], [ 7.625055594531234, 48.47932807079669 ], [ 7.625319411253359, 48.479245692948105 ], [ 7.625928840555778, 48.479239953236821 ], [ 7.626214124740811, 48.479093655532743 ], [ 7.626593130366855, 48.47908788640305 ], [ 7.626798158801476, 48.478953728671016 ], [ 7.627877971684612, 48.478902597376972 ], [ 7.628471478977173, 48.479023627168452 ], [ 7.628753552665158, 48.478994598346958 ], [ 7.629237476565299, 48.478795484450643 ], [ 7.629825407238251, 48.479006840682487 ], [ 7.630563590681492, 48.478770763131088 ], [ 7.631716463293205, 48.478933022349771 ], [ 7.631931768287735, 48.479068800920537 ], [ 7.631945231725583, 48.479374668381425 ], [ 7.631671814639162, 48.479962083382432 ], [ 7.631892654422989, 48.480313923323607 ], [ 7.632526690270385, 48.480586547786714 ], [ 7.632774554469842, 48.480937330967905 ], [ 7.632548071214993, 48.481135417768691 ], [ 7.632548803716939, 48.481603989869193 ], [ 7.633912222968788, 48.482614106148603 ], [ 7.634752879897426, 48.483076903351126 ], [ 7.634751264542598, 48.483365336175339 ], [ 7.635034138897464, 48.483498470009032 ], [ 7.637592843088948, 48.483155166297578 ], [ 7.637985394198203, 48.482842438818146 ], [ 7.63825160245703, 48.482327382939488 ], [ 7.638500331020464, 48.481461557474276 ], [ 7.639292541497305, 48.481376510688293 ], [ 7.639325915712067, 48.480987706815796 ], [ 7.639039070118249, 48.480962877521847 ], [ 7.639574618782425, 48.479049496458259 ], [ 7.639796293794804, 48.477878327455173 ], [ 7.640188786334683, 48.477105998423738 ], [ 7.640442242679621, 48.477213235070181 ], [ 7.640810110430594, 48.47723489057789 ], [ 7.641970113977975, 48.477018282331862 ], [ 7.642362618145089, 48.477165132009794 ], [ 7.643340729793868, 48.477802723598032 ], [ 7.643670467268694, 48.47785289791107 ], [ 7.64442607052395, 48.477814305469941 ], [ 7.645011616684726, 48.477539052314818 ], [ 7.646223908863455, 48.476229941857596 ], [ 7.646679932019106, 48.476022834009939 ], [ 7.647566593334432, 48.47593402804587 ], [ 7.648202224290328, 48.476071332965411 ], [ 7.648716406217636, 48.476826189399659 ], [ 7.649336184207256, 48.477090273685896 ], [ 7.653105467344978, 48.477257891019519 ], [ 7.653890543742881, 48.477551515398979 ], [ 7.654400039389409, 48.47825246365457 ], [ 7.656105317739162, 48.478834388109448 ], [ 7.656312011743149, 48.479177732664198 ], [ 7.656271783293312, 48.480098507478893 ], [ 7.656487354800088, 48.480847030496101 ], [ 7.658104947426619, 48.482576859341101 ], [ 7.660013511031172, 48.484376344917266 ], [ 7.660521374183071, 48.48459971217693 ], [ 7.661881954267774, 48.484960796727101 ], [ 7.664064923053724, 48.485118316539861 ], [ 7.664417023110984, 48.48526668555975 ], [ 7.664731868083788, 48.485605764901401 ], [ 7.665951328560447, 48.486513057577746 ], [ 7.666345725999088, 48.486984180542059 ], [ 7.667330626261031, 48.4875402156094 ], [ 7.667788428521613, 48.487657382002176 ], [ 7.670258424819206, 48.48783954738375 ], [ 7.671918292641063, 48.487449775793067 ], [ 7.674832396736221, 48.487443133964923 ], [ 7.677404072412191, 48.487549050552829 ], [ 7.678352813298179, 48.487394491071974 ], [ 7.678647613856653, 48.486292435736146 ], [ 7.679046355200946, 48.486051415189415 ], [ 7.679207776135715, 48.486189238308455 ], [ 7.679697635279959, 48.485602171897831 ], [ 7.680369064492764, 48.485530627101497 ], [ 7.680946853622935, 48.485624986258109 ], [ 7.681268658115414, 48.485585253712848 ], [ 7.681557398064153, 48.485934334600714 ], [ 7.681920596950311, 48.486965376992636 ], [ 7.681772798917372, 48.486980221065501 ], [ 7.681672312424542, 48.487524896727535 ], [ 7.682461837703335, 48.488016427205565 ], [ 7.682895107768626, 48.487251344013686 ], [ 7.683271631724149, 48.48706525701575 ], [ 7.68348992709089, 48.486777272549716 ], [ 7.684008885659373, 48.486819868629809 ], [ 7.684187601700748, 48.485785460285769 ], [ 7.68403675096518, 48.485007383257617 ], [ 7.683402266222545, 48.484581838014421 ], [ 7.682761123009549, 48.483778053833056 ], [ 7.683898092600028, 48.48360700465242 ], [ 7.685477747601813, 48.483535616193898 ], [ 7.68748498138561, 48.483546444162265 ], [ 7.687925271058591, 48.483619166102891 ], [ 7.688124823571998, 48.483728435497916 ], [ 7.688724001867763, 48.483758828104122 ], [ 7.690106507826496, 48.483605050239397 ], [ 7.690249981275994, 48.483238901114802 ], [ 7.690022164627877, 48.48266213221072 ], [ 7.691968752630863, 48.482449982031021 ], [ 7.692208986460368, 48.482710838952144 ], [ 7.692615830272416, 48.482712770788105 ], [ 7.692955470521984, 48.48226676210566 ], [ 7.694390347636419, 48.482092836490203 ], [ 7.694722893555114, 48.481719198266397 ], [ 7.695046913882411, 48.481553171614181 ], [ 7.696436582215947, 48.481480141153845 ], [ 7.696727176209621, 48.482000343627831 ], [ 7.697127747164539, 48.482083615991954 ], [ 7.697696678309986, 48.482079112483689 ], [ 7.698255491764114, 48.482264258729181 ], [ 7.698145307423309, 48.481790986842249 ], [ 7.698508462487476, 48.480397768520419 ], [ 7.698418684883658, 48.479698387816278 ], [ 7.6982427504457, 48.479398947553264 ], [ 7.697714664251888, 48.478951236985658 ], [ 7.696735871077675, 48.478314093933896 ], [ 7.696126130056085, 48.478013801938509 ], [ 7.69612274793533, 48.477824683718488 ], [ 7.695768671531776, 48.477352052288012 ], [ 7.695718486337068, 48.476488885980253 ], [ 7.696173016129616, 48.475813014657533 ], [ 7.696244236417442, 48.475548846345916 ], [ 7.696235674253434, 48.474242441359515 ], [ 7.697233446129675, 48.473427897407227 ], [ 7.696336125144975, 48.473093935564691 ], [ 7.69611826572681, 48.472931332555525 ], [ 7.695676446190571, 48.472840679967426 ], [ 7.6955737048826, 48.472601422289685 ], [ 7.695595563741685, 48.47224007532018 ], [ 7.694790878596239, 48.47157800190358 ], [ 7.694000036573737, 48.471221784969657 ], [ 7.693808398175414, 48.471049128316849 ], [ 7.693897792408951, 48.470685108971395 ], [ 7.694755502991717, 48.469668848106281 ], [ 7.695243742370414, 48.468613133873411 ], [ 7.69470003563741, 48.468292198732627 ], [ 7.694494741087494, 48.467966878610241 ], [ 7.694427543812056, 48.467518935166019 ], [ 7.694461304751149, 48.467139091948738 ], [ 7.695665006285045, 48.463630797048438 ], [ 7.695508108145119, 48.463240476937472 ], [ 7.695554393856487, 48.462697917868738 ], [ 7.694976345273261, 48.462144029866032 ], [ 7.69495126624757, 48.46171244151251 ], [ 7.695481227976577, 48.461123695070803 ], [ 7.695934659304069, 48.460285636644031 ], [ 7.696195030337514, 48.459410160734485 ], [ 7.696233100578475, 48.458624596946528 ], [ 7.697010665647142, 48.457169879244958 ], [ 7.696250219904996, 48.456091504698279 ], [ 7.694703548175262, 48.45500820981578 ], [ 7.693379881676612, 48.452933743885566 ], [ 7.694769276376151, 48.452563310556897 ], [ 7.695452155353705, 48.452473183388236 ], [ 7.695074950052915, 48.451740110327627 ], [ 7.695328711234179, 48.451396610235669 ], [ 7.695308619238947, 48.451172101272995 ], [ 7.69515111961246, 48.450925997335254 ], [ 7.697315383309765, 48.450434720210374 ], [ 7.698429409989835, 48.450318479310191 ], [ 7.698999432046255, 48.450178729299409 ], [ 7.700996363619459, 48.449937344576739 ], [ 7.701279057721029, 48.45127796968282 ], [ 7.701625221515767, 48.451210169358752 ], [ 7.70252045295111, 48.452733780565069 ], [ 7.702310890968438, 48.452814189890887 ], [ 7.702823326143441, 48.454298906333918 ], [ 7.704015392470578, 48.454296679669632 ], [ 7.705996018317637, 48.452361561647969 ], [ 7.707370819364897, 48.451225513169241 ], [ 7.708041571529574, 48.45100060930875 ], [ 7.709107027569816, 48.45079607370446 ], [ 7.709194472952903, 48.450864698649809 ], [ 7.709718535698658, 48.450816844712435 ], [ 7.71045757604528, 48.450598226053309 ], [ 7.717196666681303, 48.449609293968798 ], [ 7.717230124116847, 48.449680061505063 ], [ 7.717363500610379, 48.449656729798811 ], [ 7.722943215548435, 48.44783037330896 ], [ 7.726831745330439, 48.446332542190909 ], [ 7.72925712812355, 48.445586913266297 ], [ 7.732517677995355, 48.444339243508594 ], [ 7.734950508749842, 48.444728768642719 ], [ 7.73601470837181, 48.445263057146761 ], [ 7.737212375591722, 48.446675229032486 ], [ 7.737827139671691, 48.447182399074848 ], [ 7.738874675563223, 48.447681280008467 ], [ 7.740928939381538, 48.448076809176662 ], [ 7.742214714335288, 48.448962685719437 ], [ 7.742611557771726, 48.448856685677583 ], [ 7.745848866060879, 48.447952055186725 ], [ 7.745530049867082, 48.446973436612261 ], [ 7.74003818718757, 48.44196587877645 ], [ 7.73959421741672, 48.440649772881457 ], [ 7.740040953633238, 48.438847419894564 ], [ 7.745692899478579, 48.436791696891532 ], [ 7.748752204689782, 48.435425415856507 ], [ 7.750847203965257, 48.434629455318607 ], [ 7.753348939170296, 48.433988383826183 ], [ 7.737094598278999, 48.406357371521437 ], [ 7.734864008586371, 48.40188608752436 ], [ 7.733450239242843, 48.398364514824671 ], [ 7.732750567085647, 48.396157298676052 ], [ 7.732077653293383, 48.393345147988157 ], [ 7.731385950666235, 48.389271941508419 ], [ 7.731068095081653, 48.384841295893132 ], [ 7.731196783077602, 48.380861464524195 ], [ 7.73182125881908, 48.376528325712478 ], [ 7.732667235526274, 48.372853270405841 ], [ 7.733754894664002, 48.369159515990205 ], [ 7.736004734730621, 48.362453939784693 ], [ 7.743604385288767, 48.339959082780446 ], [ 7.745142169906324, 48.335426812564826 ], [ 7.74561252302053, 48.333298825156319 ], [ 7.74569055600126, 48.331916653831165 ], [ 7.745376463818594, 48.329784079377148 ], [ 7.744884493971433, 48.328226480095722 ], [ 7.744280258741767, 48.326772528792354 ], [ 7.743478911927202, 48.32538056063089 ], [ 7.742663931299854, 48.324286575365619 ], [ 7.741434169431645, 48.322938814778837 ], [ 7.739996297303938, 48.321680504804618 ], [ 7.738658706353017, 48.320634481321328 ], [ 7.737193791993407, 48.319674665078082 ], [ 7.735117860005066, 48.318531994075997 ], [ 7.732854586773478, 48.317559028222391 ], [ 7.731598295305226, 48.317113571609205 ], [ 7.729307126141655, 48.316430084878796 ], [ 7.715777892534459, 48.313085717409272 ], [ 7.707249078471552, 48.310640492614482 ], [ 7.705950368098355, 48.310169426031642 ], [ 7.702686961442287, 48.308577754902068 ], [ 7.699519246506275, 48.306693773858683 ], [ 7.698378702899846, 48.305873840778531 ], [ 7.694906960951958, 48.303001364870624 ], [ 7.693946218251361, 48.30207510678455 ], [ 7.693160506494679, 48.301141892674444 ], [ 7.691519655697793, 48.298647282618099 ], [ 7.690528690770956, 48.296622589370841 ], [ 7.689786479028415, 48.294660123629797 ], [ 7.689463884606926, 48.293465153620907 ], [ 7.689258367721309, 48.291310135925528 ], [ 7.689244127668956, 48.287966791339073 ], [ 7.689396615674928, 48.283463123954718 ], [ 7.689139938317254, 48.280733272021145 ], [ 7.68842311801853, 48.277688182286568 ], [ 7.687664317625001, 48.275383842483997 ], [ 7.681065963419881, 48.257663863480197 ], [ 7.678451573037389, 48.258470493769458 ], [ 7.677906481511995, 48.258564190724492 ], [ 7.674085608608811, 48.259770016638512 ], [ 7.673368919653545, 48.260059761812343 ], [ 7.671541729109201, 48.26106942581243 ], [ 7.670173860874839, 48.262845053896541 ], [ 7.66982606009527, 48.263489733446491 ], [ 7.668899355268174, 48.264761182289014 ], [ 7.668371866955649, 48.265358877913691 ], [ 7.668477687013416, 48.266400232491392 ], [ 7.668651148833989, 48.26668180099152 ], [ 7.669419100334047, 48.26727336226115 ], [ 7.670266901361284, 48.267699523816709 ], [ 7.670831062521506, 48.268884994068294 ], [ 7.670453932961886, 48.269503791291854 ], [ 7.669256919047574, 48.270164007395401 ], [ 7.668070857092657, 48.270643512896221 ], [ 7.667835937474844, 48.27088713850754 ], [ 7.667530805705333, 48.271557158115293 ], [ 7.666726268562293, 48.272228877647542 ], [ 7.666966454909542, 48.272958471792812 ], [ 7.667460610969882, 48.273506781817389 ], [ 7.667046229373112, 48.27416308763015 ], [ 7.666413702087437, 48.273881623604048 ], [ 7.666244208608684, 48.273644961986349 ], [ 7.665056725186171, 48.273042907186579 ], [ 7.664906987241531, 48.272724345192913 ], [ 7.664148482983652, 48.272087316948571 ], [ 7.664081140585414, 48.271936751496725 ], [ 7.663112961756807, 48.271371086786331 ], [ 7.662528804291498, 48.271177826106737 ], [ 7.661072467513406, 48.270892791976067 ], [ 7.660527950558667, 48.270842168469237 ], [ 7.658565266059274, 48.270937603932595 ], [ 7.657814334229343, 48.271300698544167 ], [ 7.657439365935772, 48.27179317741011 ], [ 7.65644623699543, 48.272165809866699 ], [ 7.656146271188169, 48.272132566468009 ], [ 7.655270810548666, 48.271698383509531 ], [ 7.655366439772362, 48.271252972363456 ], [ 7.655211252449714, 48.271024746171143 ], [ 7.655404096078085, 48.270151887002292 ], [ 7.655188744294848, 48.269853926502137 ], [ 7.653271210702849, 48.270001574817037 ], [ 7.652730755627213, 48.270302267454689 ], [ 7.651913388566214, 48.270983398526731 ], [ 7.651155269564841, 48.271265614163092 ], [ 7.650673301309269, 48.271311627039545 ], [ 7.64980824060693, 48.271147388936861 ], [ 7.648705770049433, 48.271046565117103 ], [ 7.648169419027833, 48.272464694525034 ], [ 7.645856097717977, 48.273024362630181 ], [ 7.644418714962604, 48.271882140966888 ], [ 7.639358279439511, 48.272982265173454 ], [ 7.639597298386867, 48.273396490470041 ], [ 7.641241970920369, 48.274134051983033 ], [ 7.641736662242791, 48.274691450886635 ], [ 7.64261919827836, 48.275359790944719 ], [ 7.643011035360261, 48.276128525672966 ], [ 7.64315275059815, 48.276663737211393 ], [ 7.642965225027388, 48.277599445436088 ], [ 7.643008019733554, 48.278390907536867 ], [ 7.643122047084598, 48.279071414298294 ], [ 7.643525790994192, 48.279821652799441 ], [ 7.643206798873476, 48.279879252925895 ], [ 7.642525266191647, 48.279806888888409 ], [ 7.641900742625906, 48.280074774589522 ], [ 7.64159441175512, 48.280122859874467 ], [ 7.640160897482713, 48.279944823933093 ], [ 7.639618681505814, 48.279767829789364 ], [ 7.637969081424753, 48.279895679610242 ], [ 7.638523149763161, 48.280973510888572 ] ] ] ] } },
{ "type": "Feature", "properties": { "fid": 19, "INSEE_ARR": "4", "INSEE_DEP": "67", "CODE_EPCI": "246700959", "NOM_EPCI": "CDC DU PAYS DE LA ZORN\n" }, "geometry": { "type": "MultiPolygon", "coordinates": [ [ [ [ 7.565790183582777, 48.716295799935324 ], [ 7.565571364712796, 48.71581767537954 ], [ 7.564409105325935, 48.7159162446086 ], [ 7.56434606553004, 48.715351068327003 ], [ 7.563969365966706, 48.714779883776565 ], [ 7.563669496367328, 48.714620187604616 ], [ 7.562034610034885, 48.713205237437968 ], [ 7.561622738399755, 48.712698457864143 ], [ 7.561167489862632, 48.711850980656592 ], [ 7.557103461393074, 48.711925355586516 ], [ 7.556651130128889, 48.710798462092789 ], [ 7.554748922567605, 48.707096251976807 ], [ 7.554531846364187, 48.707104548270799 ], [ 7.553857620097177, 48.706553713979474 ], [ 7.552813162698196, 48.705503486906245 ], [ 7.552617159217606, 48.703880277735344 ], [ 7.551347916306204, 48.704153995162073 ], [ 7.551344526604605, 48.704271246459726 ], [ 7.549767936453721, 48.704142253760494 ], [ 7.549643489932851, 48.704119976933228 ], [ 7.54970297774809, 48.703865443597678 ], [ 7.549604882318765, 48.703833151318371 ], [ 7.542828639911582, 48.702451967485565 ], [ 7.543277733485143, 48.701669052525311 ], [ 7.542250414288931, 48.701437936628722 ], [ 7.541794171433051, 48.699635440901794 ], [ 7.541501566630171, 48.699088014114942 ], [ 7.540909378381442, 48.699164639326803 ], [ 7.54082992392328, 48.69856404118898 ], [ 7.540713593214141, 48.698478380888332 ], [ 7.539056299453765, 48.698514497104377 ], [ 7.53908918858655, 48.698423150872678 ], [ 7.535015086160581, 48.698055740425616 ], [ 7.53478793122429, 48.698731074539026 ], [ 7.531361848603549, 48.698302838445407 ], [ 7.531400523057252, 48.698121181938895 ], [ 7.529931130697942, 48.697969840026893 ], [ 7.527175395718019, 48.697894388890013 ], [ 7.527369600834682, 48.699977157192457 ], [ 7.529185195520523, 48.700196457078178 ], [ 7.529017934959989, 48.701563211333401 ], [ 7.530181958904508, 48.701645094007603 ], [ 7.530107623310491, 48.703611935307102 ], [ 7.530587589752889, 48.703809910308301 ], [ 7.529632283253121, 48.704251641225767 ], [ 7.529039371622065, 48.704634545378802 ], [ 7.528683192185483, 48.704765201268572 ], [ 7.528490593274983, 48.704898649262688 ], [ 7.528395752261156, 48.705217575709156 ], [ 7.52639350942823, 48.705987350345524 ], [ 7.52591288321135, 48.708293936677897 ], [ 7.52519477148149, 48.71005997367854 ], [ 7.524937843055306, 48.711493173979008 ], [ 7.524866852151354, 48.713658061254911 ], [ 7.524427134907193, 48.715809913494091 ], [ 7.525993672414728, 48.71629098792242 ], [ 7.525348536939678, 48.71748666573162 ], [ 7.525086689549751, 48.718235351997478 ], [ 7.524331752171689, 48.718164908091012 ], [ 7.524326584437689, 48.720147101728351 ], [ 7.524637937744092, 48.72012627529066 ], [ 7.524872060233592, 48.722198483293312 ], [ 7.524140622686994, 48.723028049466521 ], [ 7.523063296222976, 48.723951814552038 ], [ 7.522808199871952, 48.724150682303211 ], [ 7.522003649748044, 48.724451473103741 ], [ 7.521331785244697, 48.725026505527623 ], [ 7.51828366502901, 48.726151072078082 ], [ 7.514571617493951, 48.728102493437234 ], [ 7.514028365830235, 48.728591527615727 ], [ 7.513313940079667, 48.727888850102936 ], [ 7.513410467651828, 48.727587900924867 ], [ 7.512144551101422, 48.726176368572041 ], [ 7.511781597156225, 48.726388301301462 ], [ 7.510457622579671, 48.725564530727965 ], [ 7.509833256251078, 48.724957524998118 ], [ 7.508023106822519, 48.726071020717647 ], [ 7.508471403169121, 48.726531541699352 ], [ 7.507942845085386, 48.726875849062203 ], [ 7.509095018970899, 48.727760197426818 ], [ 7.506941155435179, 48.728994774834739 ], [ 7.508157348314531, 48.729831667372103 ], [ 7.509245601775766, 48.730763475884444 ], [ 7.508855456364677, 48.730976425567405 ], [ 7.508837284751531, 48.732814924197491 ], [ 7.508707774852675, 48.733837823437 ], [ 7.508162488487441, 48.735407963378904 ], [ 7.50670336275606, 48.735228888422249 ], [ 7.506661072428118, 48.736473705941926 ], [ 7.507060963573197, 48.736530662975809 ], [ 7.506701788789168, 48.737418093949785 ], [ 7.509776506014444, 48.738166702170041 ], [ 7.509502730315817, 48.739726574020295 ], [ 7.511572545574432, 48.740035667731277 ], [ 7.511314646097446, 48.740676042218745 ], [ 7.511274414726621, 48.742100957963906 ], [ 7.511078197428633, 48.742982234872144 ], [ 7.510549151787687, 48.744110327201867 ], [ 7.510124373222864, 48.74408134741342 ], [ 7.509487778253698, 48.743808129110931 ], [ 7.507997383566776, 48.743900507990467 ], [ 7.507782864417067, 48.744097800604145 ], [ 7.507694419797954, 48.744335371641412 ], [ 7.508244126951373, 48.745179436456404 ], [ 7.50682041170219, 48.745728725320383 ], [ 7.506172954348513, 48.745329777482425 ], [ 7.505596879906757, 48.745126322378603 ], [ 7.50449088818154, 48.745096028480503 ], [ 7.503279800853698, 48.744637272952367 ], [ 7.502385694657508, 48.743905286298833 ], [ 7.502306242567563, 48.743142542201376 ], [ 7.501135913987457, 48.742997533939501 ], [ 7.499568619192722, 48.743777373713861 ], [ 7.499032907479635, 48.743725513801735 ], [ 7.498553468193536, 48.743536398166114 ], [ 7.498231070465671, 48.743746750135223 ], [ 7.497945172026948, 48.743748524113016 ], [ 7.497089086074914, 48.743456493747914 ], [ 7.496594885924221, 48.743412066526993 ], [ 7.494838274630825, 48.743892682796442 ], [ 7.493891215298644, 48.744441866663351 ], [ 7.493889587579091, 48.744739214557441 ], [ 7.49438526767198, 48.745116918855885 ], [ 7.495950222014843, 48.744940823370733 ], [ 7.496269474181656, 48.745009866594401 ], [ 7.496310561240235, 48.745170474171047 ], [ 7.496172041663529, 48.745301817864686 ], [ 7.495232781394507, 48.745625500176537 ], [ 7.494715973278625, 48.745951272510567 ], [ 7.494093708263587, 48.746001747037077 ], [ 7.493738706395029, 48.746150252993409 ], [ 7.493534179959761, 48.746464253423547 ], [ 7.493761322992491, 48.747203414865957 ], [ 7.493388437536584, 48.747460696966428 ], [ 7.492631916291186, 48.747534238117524 ], [ 7.492302258647906, 48.747186308613223 ], [ 7.491466250508667, 48.747127706528381 ], [ 7.489855299125315, 48.747719868556281 ], [ 7.488870584076234, 48.747991156314832 ], [ 7.485725632344526, 48.748487834506903 ], [ 7.484159765285472, 48.748654815866232 ], [ 7.483149534367194, 48.748629730509442 ], [ 7.482374462394663, 48.748487696795308 ], [ 7.482183278421911, 48.748323718262419 ], [ 7.482084521572691, 48.747967086135894 ], [ 7.480905962116639, 48.747885247546115 ], [ 7.480413743047708, 48.7477055494655 ], [ 7.480055909323362, 48.747980238948713 ], [ 7.480435015535488, 48.74858759012119 ], [ 7.480206022910085, 48.748776362844197 ], [ 7.480390098478537, 48.749174833910189 ], [ 7.480882025197586, 48.749192389229442 ], [ 7.481365153549134, 48.749741778388405 ], [ 7.481334753088309, 48.750022185922155 ], [ 7.480761649320593, 48.75016983561207 ], [ 7.481436746757701, 48.750892184055886 ], [ 7.482399048285483, 48.752261361185525 ], [ 7.482749033595554, 48.752212175102933 ], [ 7.483147039059597, 48.75319716657166 ], [ 7.48331991305825, 48.754415831286771 ], [ 7.483177186326693, 48.755132869536965 ], [ 7.480990530031545, 48.758701317511772 ], [ 7.480623816079308, 48.759507837405032 ], [ 7.480591396733315, 48.759923445002258 ], [ 7.481273104624516, 48.760087018973458 ], [ 7.48123420985812, 48.760268649509634 ], [ 7.481527915989067, 48.76035671051357 ], [ 7.48113990054857, 48.761073946130402 ], [ 7.482085858282486, 48.761299658334941 ], [ 7.481808972213681, 48.762517194881241 ], [ 7.485399082283951, 48.763066925891266 ], [ 7.486739542749931, 48.765818163072062 ], [ 7.486526795691221, 48.766988254851526 ], [ 7.48896663098921, 48.767310880673136 ], [ 7.48830487324138, 48.76959689823677 ], [ 7.491514161223455, 48.769674328860631 ], [ 7.492444935317419, 48.769405070098756 ], [ 7.495335941914965, 48.769584465179513 ], [ 7.496267026095042, 48.767738674561784 ], [ 7.497712609035357, 48.768224705251313 ], [ 7.497760087217917, 48.767511242012283 ], [ 7.500345027447905, 48.76888216824662 ], [ 7.499565409011439, 48.770902452533441 ], [ 7.498653497234607, 48.772180007998607 ], [ 7.501332976651629, 48.773853642084383 ], [ 7.502578099285301, 48.774383214549587 ], [ 7.501160025651744, 48.775796991832941 ], [ 7.504566863269759, 48.77657830729013 ], [ 7.504177870897122, 48.77743978773826 ], [ 7.50434323097808, 48.777460572279736 ], [ 7.504024865331114, 48.778508563768277 ], [ 7.504116847456276, 48.778784355424172 ], [ 7.504024467715831, 48.778661722986513 ], [ 7.503644448077792, 48.778522919623157 ], [ 7.503380431670949, 48.779253560245628 ], [ 7.501094458138139, 48.778826312089322 ], [ 7.500844320804999, 48.780033870082661 ], [ 7.500290772955672, 48.779937633744183 ], [ 7.498349761927124, 48.782560190439838 ], [ 7.4957085123459, 48.781966057747823 ], [ 7.495177190517851, 48.78307608519868 ], [ 7.493319295746178, 48.782713638616144 ], [ 7.493114279154787, 48.782865490486998 ], [ 7.491447553080405, 48.783297563722009 ], [ 7.491850602622521, 48.784336374911305 ], [ 7.491744220245383, 48.784367403329775 ], [ 7.491444754758691, 48.784847106585438 ], [ 7.490131477132728, 48.785743299662684 ], [ 7.489041648677113, 48.787018430691383 ], [ 7.492474578078049, 48.788096397816936 ], [ 7.491539901130521, 48.789906209170951 ], [ 7.492303913654523, 48.790228784843748 ], [ 7.492122082617831, 48.790650009621615 ], [ 7.494312520411254, 48.79138732135381 ], [ 7.49307929241618, 48.793055237540543 ], [ 7.494035600402053, 48.793235441502063 ], [ 7.493121699828756, 48.794179678149668 ], [ 7.493939639357956, 48.7949686463772 ], [ 7.495029845925445, 48.795594217877849 ], [ 7.494487528756455, 48.796578521266653 ], [ 7.494983005285278, 48.796631934268191 ], [ 7.494116379139775, 48.79780860923735 ], [ 7.493810398142363, 48.79773905188101 ], [ 7.493466657553499, 48.798022237093576 ], [ 7.492531253804882, 48.797769173486991 ], [ 7.491811773508497, 48.797489963094151 ], [ 7.490727494460054, 48.798990085752173 ], [ 7.490026702481384, 48.799719083354347 ], [ 7.489029736853355, 48.801125818551725 ], [ 7.488526488992329, 48.800982589798863 ], [ 7.487363012770532, 48.802990106333354 ], [ 7.489177055297061, 48.804101992837715 ], [ 7.492154788392993, 48.805107025149631 ], [ 7.492431390521664, 48.804835381576034 ], [ 7.492873000709861, 48.804737692882306 ], [ 7.49603429736138, 48.803285488023981 ], [ 7.49800240652207, 48.803968059283243 ], [ 7.499269122974883, 48.802370916383282 ], [ 7.501457861743744, 48.80276586151669 ], [ 7.502753233764083, 48.800555030301823 ], [ 7.503441112121274, 48.798889574680771 ], [ 7.503457431233391, 48.798762842680787 ], [ 7.502859400246392, 48.798785398096122 ], [ 7.502815949841107, 48.798282570993194 ], [ 7.504314910399553, 48.797955780372732 ], [ 7.504850041564408, 48.797521207065131 ], [ 7.504176705154697, 48.797303385955857 ], [ 7.504503323787437, 48.796507337871645 ], [ 7.506272476305978, 48.796782893588649 ], [ 7.506449941381787, 48.796469911145472 ], [ 7.507922044011787, 48.796936821952023 ], [ 7.509572808162651, 48.797577134729906 ], [ 7.509643887113151, 48.797925776346212 ], [ 7.511114858294017, 48.797906240376967 ], [ 7.511161120889138, 48.798598137193316 ], [ 7.511448498272076, 48.798767446188307 ], [ 7.512106304480762, 48.79849035412299 ], [ 7.512002208936165, 48.798233045022371 ], [ 7.513284057023085, 48.798076495406754 ], [ 7.513334570687929, 48.798344837548946 ], [ 7.514309261536878, 48.798262946437688 ], [ 7.514456022151514, 48.798068220992427 ], [ 7.515834968966441, 48.798088140190949 ], [ 7.516067470822361, 48.797466774169969 ], [ 7.518575667971835, 48.79761510148434 ], [ 7.520819927778682, 48.798178750765331 ], [ 7.519465692240452, 48.799229956043376 ], [ 7.518111467835109, 48.80059643658258 ], [ 7.520062277715215, 48.801234265883444 ], [ 7.519375751322849, 48.803224083436227 ], [ 7.523115118908503, 48.803884242212213 ], [ 7.524987123947136, 48.804083568918848 ], [ 7.52503847010983, 48.805459910277278 ], [ 7.525222643897573, 48.805696157926299 ], [ 7.526478793967515, 48.806026901500928 ], [ 7.526397350130378, 48.806345283074862 ], [ 7.525977962562329, 48.806541347514035 ], [ 7.52641808010356, 48.806740867230992 ], [ 7.527674262914958, 48.807071597938162 ], [ 7.526269562157137, 48.807386093335161 ], [ 7.526685760079014, 48.809036870506823 ], [ 7.531934291908058, 48.809008964724612 ], [ 7.531837869236551, 48.809625196543713 ], [ 7.53385590362464, 48.810089103626645 ], [ 7.53295664909091, 48.810726804695108 ], [ 7.534295954025917, 48.811540769534417 ], [ 7.534507997303322, 48.811469659586407 ], [ 7.535029925034666, 48.811981337995554 ], [ 7.535398070383323, 48.811823222841227 ], [ 7.535895774677659, 48.812056556528752 ], [ 7.536577128220897, 48.812832426243695 ], [ 7.538000201328418, 48.812571166962421 ], [ 7.539121533025217, 48.812447477233327 ], [ 7.541346589992133, 48.812624132647969 ], [ 7.541492507297333, 48.812420397796018 ], [ 7.542200218970155, 48.812402491649856 ], [ 7.542599875971674, 48.811198172352768 ], [ 7.542425926487507, 48.810141788263032 ], [ 7.543005495020609, 48.810218835124722 ], [ 7.543866244647844, 48.809141101801153 ], [ 7.543423190095401, 48.808752576665746 ], [ 7.54425895753867, 48.808639699133138 ], [ 7.544276746881525, 48.80853092008109 ], [ 7.545912310246603, 48.806955236961706 ], [ 7.545258540521408, 48.806808961322893 ], [ 7.546155030299174, 48.805360493577794 ], [ 7.545436448842763, 48.80525272111349 ], [ 7.546091884765485, 48.804011614910806 ], [ 7.545125523342739, 48.80387724031835 ], [ 7.546132231306945, 48.802911034300429 ], [ 7.546746028374423, 48.80213094304785 ], [ 7.54632181430613, 48.801957916069917 ], [ 7.546776685391676, 48.801075771714615 ], [ 7.547169851794772, 48.800268043114308 ], [ 7.547555709842987, 48.799064211954366 ], [ 7.550612690421262, 48.799560323017509 ], [ 7.552373833637605, 48.800051721170554 ], [ 7.552647741811296, 48.799753000961616 ], [ 7.552653468768626, 48.79919424714474 ], [ 7.552454800387041, 48.798481131264431 ], [ 7.554609744686938, 48.798173726898405 ], [ 7.554904900624864, 48.799054323914255 ], [ 7.555426163616584, 48.800025388382409 ], [ 7.556209703600056, 48.79947298854627 ], [ 7.558185832730413, 48.800550670803347 ], [ 7.560056366364527, 48.801199939247006 ], [ 7.562058148023459, 48.80179011307154 ], [ 7.562563972975894, 48.800869916636621 ], [ 7.566205495596057, 48.802586500520732 ], [ 7.567779125759466, 48.801247072872727 ], [ 7.570594701947637, 48.802562705163297 ], [ 7.570004327794088, 48.8028285383715 ], [ 7.571029023943378, 48.803627126274606 ], [ 7.570410059135884, 48.804344491180117 ], [ 7.571058137172662, 48.805202537459699 ], [ 7.571327425879909, 48.805318350459864 ], [ 7.573093898376518, 48.806953358644996 ], [ 7.574328140000359, 48.807806956258503 ], [ 7.574983391171561, 48.808124185218411 ], [ 7.574067158088662, 48.809339424450606 ], [ 7.573984019479592, 48.809324591501834 ], [ 7.572074588159428, 48.811190439177956 ], [ 7.569852250974147, 48.814933009005607 ], [ 7.572471582038657, 48.815868748828173 ], [ 7.573583263020311, 48.816411744819078 ], [ 7.574881772217888, 48.817217834211512 ], [ 7.576645972875076, 48.818510551019337 ], [ 7.576763419291571, 48.818605145745067 ], [ 7.575724449343374, 48.819356635198453 ], [ 7.577066826967468, 48.82035020353549 ], [ 7.575758071480728, 48.821292200951909 ], [ 7.57623043082492, 48.821544363263875 ], [ 7.575823729489175, 48.821884254126829 ], [ 7.576296094514501, 48.822136416046639 ], [ 7.573920230100403, 48.824443528800572 ], [ 7.573284685132595, 48.824197605149777 ], [ 7.571476364105218, 48.826600038641878 ], [ 7.571123382841324, 48.82739728890045 ], [ 7.572082166543236, 48.827594819559422 ], [ 7.571684641336605, 48.828817176499896 ], [ 7.574451925593278, 48.829720201818077 ], [ 7.575888764507691, 48.830854303162539 ], [ 7.576711770113312, 48.830282264774041 ], [ 7.577279168858777, 48.830062338580959 ], [ 7.578633723933493, 48.829794226545047 ], [ 7.579256280438138, 48.830977512616116 ], [ 7.579673206026324, 48.831529070390047 ], [ 7.58061990525959, 48.831898161947159 ], [ 7.581910839526517, 48.832767533219993 ], [ 7.5824834392098, 48.832916734818305 ], [ 7.584464720879898, 48.833101973598701 ], [ 7.585035759956175, 48.832458467915352 ], [ 7.586928645081743, 48.833034427655718 ], [ 7.587200792981722, 48.832870832646883 ], [ 7.589857825474541, 48.833291284910814 ], [ 7.590679999039545, 48.833484911799474 ], [ 7.591686753340424, 48.833914672247047 ], [ 7.591775387813852, 48.833217601887966 ], [ 7.591697990583696, 48.831256694642043 ], [ 7.591544581908334, 48.831064400616803 ], [ 7.590337352687127, 48.830372084008864 ], [ 7.591228611731728, 48.829337875325045 ], [ 7.591227170395224, 48.829166766306024 ], [ 7.591598855328625, 48.828584935638915 ], [ 7.591769212086479, 48.827731573190533 ], [ 7.592026414440417, 48.827244227009508 ], [ 7.592211941159891, 48.826408296692165 ], [ 7.59319907069496, 48.825379388728607 ], [ 7.594807806635245, 48.823200471115406 ], [ 7.595780435164609, 48.822163083674546 ], [ 7.597543207194283, 48.821113292468702 ], [ 7.598692926294966, 48.82053751540171 ], [ 7.599050751406184, 48.820109334404655 ], [ 7.600270099556669, 48.820476781769734 ], [ 7.605268054348957, 48.821302178696321 ], [ 7.604938056041503, 48.822044614823987 ], [ 7.609845651062048, 48.823233664510873 ], [ 7.61292689238181, 48.822439047210835 ], [ 7.613088714250395, 48.8234958418792 ], [ 7.613038242716548, 48.825236496740835 ], [ 7.614951570067278, 48.824964397876812 ], [ 7.619456134688306, 48.825141628083401 ], [ 7.619986264519084, 48.823427455415128 ], [ 7.620094130794525, 48.821567449985423 ], [ 7.619992584724408, 48.821499306493941 ], [ 7.620214278916893, 48.821076321447663 ], [ 7.62025131164043, 48.820417238176596 ], [ 7.620248573735928, 48.817002959172996 ], [ 7.619525639026268, 48.817003896798099 ], [ 7.618356698736554, 48.81643649674092 ], [ 7.618829395456656, 48.814229042326659 ], [ 7.61834881201881, 48.814193574253174 ], [ 7.617459728302793, 48.813858585844095 ], [ 7.617899934425967, 48.810976713791781 ], [ 7.616286402437714, 48.810777837821448 ], [ 7.616046628522538, 48.810534855302137 ], [ 7.616551450797732, 48.809920748200227 ], [ 7.616819077338342, 48.808631125946441 ], [ 7.61517127753423, 48.808352481541739 ], [ 7.615726273478822, 48.808150850523873 ], [ 7.616497295064041, 48.807616541515834 ], [ 7.617293033721304, 48.807207396973375 ], [ 7.618614277851734, 48.806264407582795 ], [ 7.616288402155664, 48.804489483266956 ], [ 7.614498748860582, 48.803531633073781 ], [ 7.614091791504553, 48.803556369098388 ], [ 7.614111893413713, 48.803321357971249 ], [ 7.614893270687633, 48.80275061862595 ], [ 7.615034896679263, 48.802501900888387 ], [ 7.615199146449809, 48.801738793622178 ], [ 7.617185724931177, 48.801995321792923 ], [ 7.619404172131626, 48.802251856101456 ], [ 7.620421639240215, 48.800807071850947 ], [ 7.622013965438182, 48.801385084834621 ], [ 7.622457096418374, 48.800692248072302 ], [ 7.623178163779547, 48.800826492671817 ], [ 7.622868611632441, 48.801333978668936 ], [ 7.623163536282775, 48.801583822666068 ], [ 7.6246112813746, 48.801915146358532 ], [ 7.624995321610641, 48.800864223986608 ], [ 7.626171903486357, 48.79860239650008 ], [ 7.626327813181382, 48.798515272876472 ], [ 7.628075916742295, 48.795933966239794 ], [ 7.630406522458288, 48.793618322883155 ], [ 7.632213337494182, 48.791548179040674 ], [ 7.631697843123614, 48.791117720442088 ], [ 7.633271078510601, 48.789489058143133 ], [ 7.635547592028314, 48.787490705902563 ], [ 7.637924543372745, 48.788461466968172 ], [ 7.638297807586729, 48.788212721387339 ], [ 7.639861165076083, 48.787548337264766 ], [ 7.63951908399226, 48.78722828984332 ], [ 7.640129706748151, 48.786889227409944 ], [ 7.638356999213463, 48.786120262839198 ], [ 7.639917883248073, 48.783897355680502 ], [ 7.64119335268681, 48.782298154942076 ], [ 7.64134118830605, 48.781968068779726 ], [ 7.641310781564477, 48.780861098905 ], [ 7.640687370883294, 48.777687011181214 ], [ 7.639709265182143, 48.776959244629666 ], [ 7.639010069840071, 48.775842233977734 ], [ 7.638983712484538, 48.77462698933661 ], [ 7.63842917870228, 48.774062934276529 ], [ 7.638156715111416, 48.773605035686032 ], [ 7.638003339991502, 48.772187509743262 ], [ 7.637629412293818, 48.771814638285903 ], [ 7.635722997384367, 48.771375181297081 ], [ 7.63419215169336, 48.77086705286434 ], [ 7.633350836714643, 48.770602414526877 ], [ 7.632707569606292, 48.771185973878694 ], [ 7.631942969282528, 48.770864290966664 ], [ 7.630997612173987, 48.771729847832574 ], [ 7.630448724453723, 48.771534924108678 ], [ 7.62995164140369, 48.772076756158143 ], [ 7.628889040202102, 48.771622466807251 ], [ 7.629121611490063, 48.771325144820715 ], [ 7.628598307108733, 48.771111201724942 ], [ 7.628738187641775, 48.770844503950464 ], [ 7.628616736949517, 48.770858224572002 ], [ 7.628927584729071, 48.770674988048398 ], [ 7.629406328289365, 48.769926655320454 ], [ 7.628517992133602, 48.769285414761264 ], [ 7.628176000571486, 48.769424811851444 ], [ 7.627753376507219, 48.769270025920314 ], [ 7.627598353476827, 48.769366132103613 ], [ 7.626011801300251, 48.768535726615035 ], [ 7.623266568864001, 48.771083660849669 ], [ 7.622992564633862, 48.77091409050125 ], [ 7.621387574168752, 48.770336601174527 ], [ 7.620614192094114, 48.770222403167871 ], [ 7.620484783536497, 48.770146330486831 ], [ 7.62063612011541, 48.769239537876238 ], [ 7.622293769563953, 48.767490586067005 ], [ 7.623647451717264, 48.76661828393766 ], [ 7.622110444586909, 48.766191331554204 ], [ 7.623900147763059, 48.763166907019666 ], [ 7.621612355791825, 48.762570840600418 ], [ 7.622609139348532, 48.760748361406137 ], [ 7.623402294396005, 48.758474279595184 ], [ 7.623435916897189, 48.758238731299258 ], [ 7.623078064468306, 48.758198543563822 ], [ 7.623914423600047, 48.755490322779814 ], [ 7.62442406150367, 48.755398490701999 ], [ 7.624512833784942, 48.755016651750076 ], [ 7.624899501733015, 48.754767414312781 ], [ 7.625093715145391, 48.75434544838415 ], [ 7.626321345782781, 48.754514069158525 ], [ 7.627303731712644, 48.754836343257544 ], [ 7.628509004280243, 48.755059866456769 ], [ 7.629064056646264, 48.755479792944939 ], [ 7.62965271073646, 48.755664166127708 ], [ 7.629983364645842, 48.755858550871153 ], [ 7.630188646624229, 48.755868601844661 ], [ 7.630639203126936, 48.755571817781941 ], [ 7.631266209179546, 48.755727665924155 ], [ 7.631672034110531, 48.755387566806107 ], [ 7.63185815339002, 48.755335292343844 ], [ 7.632474730156953, 48.755833900631089 ], [ 7.632803022449045, 48.75584817946055 ], [ 7.632841386566335, 48.755666499200892 ], [ 7.632651359566139, 48.755061232316336 ], [ 7.633110669288149, 48.754863202706574 ], [ 7.633042793801765, 48.75471267716528 ], [ 7.632851911791582, 48.754557919599783 ], [ 7.632700949693806, 48.75454576371142 ], [ 7.632286365361568, 48.754787102564471 ], [ 7.631779139534892, 48.754905903891427 ], [ 7.631371795897555, 48.75476855863689 ], [ 7.631263986352629, 48.754628592286579 ], [ 7.632077187008718, 48.754119511766802 ], [ 7.632022894134918, 48.75396845824509 ], [ 7.631728196055714, 48.753718625693722 ], [ 7.63199183771437, 48.753311968950896 ], [ 7.632392833266107, 48.753071158151208 ], [ 7.632947972662244, 48.752878415973321 ], [ 7.632920037639082, 48.752717329330679 ], [ 7.632665259532198, 48.752610100976568 ], [ 7.63249755530064, 48.752409395006239 ], [ 7.63259344116053, 48.752108356157784 ], [ 7.632769977189278, 48.751948337328002 ], [ 7.632766806749751, 48.751759260050711 ], [ 7.632565568708493, 48.751487780235621 ], [ 7.632317974516173, 48.751461358166338 ], [ 7.632023245283775, 48.751517851952627 ], [ 7.631664588959183, 48.751775037221577 ], [ 7.631413828332645, 48.751559535944807 ], [ 7.631394692911734, 48.751344050056822 ], [ 7.631624744471305, 48.751172945315368 ], [ 7.632087989225297, 48.751172974986375 ], [ 7.632544076889166, 48.750939032575751 ], [ 7.633392446997161, 48.74959969303697 ], [ 7.634034626756422, 48.749160303838373 ], [ 7.634664002062607, 48.748883580613381 ], [ 7.635225497052105, 48.748456328887315 ], [ 7.635646458035012, 48.74752098942632 ], [ 7.636719859130598, 48.747028783100674 ], [ 7.637325240458937, 48.746635851627246 ], [ 7.637708586661393, 48.746503820325287 ], [ 7.638107898610413, 48.746551359232434 ], [ 7.638996765814082, 48.747048356066109 ], [ 7.639558206246592, 48.747233737951312 ], [ 7.640276180774047, 48.747187786382639 ], [ 7.640798483000572, 48.746933213319124 ], [ 7.640954205515402, 48.746539739288707 ], [ 7.641301605621001, 48.746463152704777 ], [ 7.641727274778448, 48.746500644245202 ], [ 7.642009994044991, 48.746615775509568 ], [ 7.642400545851544, 48.747024027107109 ], [ 7.642624966440423, 48.747096378073579 ], [ 7.643009870252629, 48.746522795814073 ], [ 7.643649557561575, 48.746362745630989 ], [ 7.644298806180226, 48.746004106857697 ], [ 7.644587909475082, 48.746037896562974 ], [ 7.644776396535868, 48.746165700919931 ], [ 7.644760513945129, 48.747058276333291 ], [ 7.645102347580676, 48.747225156347646 ], [ 7.646023987617582, 48.747324401862066 ], [ 7.646124604212209, 48.747230385552392 ], [ 7.646120585931846, 48.747032329344691 ], [ 7.645820243013436, 48.746566516750427 ], [ 7.645784256194532, 48.746162483262353 ], [ 7.64589524857947, 48.746032024087846 ], [ 7.64639357847433, 48.745967561954416 ], [ 7.64658524828337, 48.745978113762263 ], [ 7.646870375090629, 48.746120169126108 ], [ 7.646742651434195, 48.746521571584459 ], [ 7.646860062876571, 48.746616103391617 ], [ 7.647842353580907, 48.746478719645253 ], [ 7.648593891675439, 48.74665665160046 ], [ 7.648837442774013, 48.746484983821993 ], [ 7.648877289714755, 48.7460149264123 ], [ 7.649104859707367, 48.745816851692211 ], [ 7.649917132036263, 48.746217650223365 ], [ 7.65036515538549, 48.746200181332561 ], [ 7.650881027321889, 48.746026899783651 ], [ 7.650992006685448, 48.745896435856203 ], [ 7.650906512099374, 48.745701556297306 ], [ 7.650366533357349, 48.745145991510043 ], [ 7.65022033422431, 48.744881400843042 ], [ 7.650205926277202, 48.74471978776112 ], [ 7.650306530324434, 48.744625767715632 ], [ 7.651069156636224, 48.744469891543659 ], [ 7.652015399099928, 48.744081604576586 ], [ 7.652207063122415, 48.744092147376968 ], [ 7.653416239971397, 48.744513477731203 ], [ 7.653743665767331, 48.744518720648799 ], [ 7.65381867125915, 48.744290550131041 ], [ 7.653194858718742, 48.743864404718884 ], [ 7.653055016395703, 48.743518481073046 ], [ 7.653213920521249, 48.743467232174297 ], [ 7.654217765179405, 48.743572214964686 ], [ 7.654612975210846, 48.743268478102088 ], [ 7.655286949894367, 48.743188111767971 ], [ 7.655448208012311, 48.743010631159081 ], [ 7.655279645772049, 48.742800977038677 ], [ 7.654433956879848, 48.742788938275311 ], [ 7.654231882872116, 48.742661678619541 ], [ 7.654217419973321, 48.742346901451569 ], [ 7.654580618944498, 48.741837188698057 ], [ 7.654683613052494, 48.741770100226844 ], [ 7.655251370162484, 48.741720908469176 ], [ 7.655361528180411, 48.741581461498967 ], [ 7.655311140971044, 48.741322145016163 ], [ 7.655620116638731, 48.741120877344159 ], [ 7.656427358648711, 48.740855104541986 ], [ 7.656583746758127, 48.740470586563411 ], [ 7.65734533509346, 48.739846197537112 ], [ 7.659400322569618, 48.738756819062139 ], [ 7.660141922129296, 48.738214278552888 ], [ 7.660388175551077, 48.737006345600911 ], [ 7.660903986175977, 48.736986184358194 ], [ 7.661462796226429, 48.73668503441651 ], [ 7.661116102799031, 48.73631116369404 ], [ 7.662250549365741, 48.735897407145366 ], [ 7.662365691882549, 48.736271319274962 ], [ 7.662583742090289, 48.736424970546608 ], [ 7.662768157903484, 48.736354690082322 ], [ 7.662736793643893, 48.735851363965239 ], [ 7.663462476584705, 48.735588727143138 ], [ 7.663654843542924, 48.735455064963425 ], [ 7.663532611277057, 48.735306677830906 ], [ 7.663474163837871, 48.734957578479055 ], [ 7.663353048813635, 48.733754990769427 ], [ 7.663432741953198, 48.733427517679694 ], [ 7.663726461498982, 48.733208801523965 ], [ 7.664466551528408, 48.733107771090367 ], [ 7.664905701376281, 48.733144649432191 ], [ 7.665284439686721, 48.733724484355363 ], [ 7.666757637198818, 48.733901089562714 ], [ 7.667772737120271, 48.734437988579884 ], [ 7.668326913505379, 48.734542431004812 ], [ 7.669323297416984, 48.734413316136411 ], [ 7.670112953911799, 48.734409419177382 ], [ 7.67069731338854, 48.734242370500247 ], [ 7.671809601164598, 48.734342952538121 ], [ 7.671731804088703, 48.733778374282807 ], [ 7.672807896864442, 48.733474916975197 ], [ 7.67095540124622, 48.730583229465267 ], [ 7.671419173658536, 48.730438919204332 ], [ 7.671876417047752, 48.730069613478967 ], [ 7.6706988431776, 48.728782276392302 ], [ 7.673054707842113, 48.727410536153577 ], [ 7.672175114989106, 48.726408861138381 ], [ 7.67187489277237, 48.725033085420669 ], [ 7.671977736333578, 48.724812814496602 ], [ 7.673757404654086, 48.722787875307787 ], [ 7.672895445114926, 48.723046918744124 ], [ 7.672137867102816, 48.721734118094773 ], [ 7.671287075735549, 48.721965682674515 ], [ 7.669467620138294, 48.722937970974293 ], [ 7.668442793263196, 48.723203360927371 ], [ 7.667158431573377, 48.723307713233162 ], [ 7.665811755279876, 48.723324390678066 ], [ 7.664679805609817, 48.724981475786301 ], [ 7.663340656345976, 48.725844764835038 ], [ 7.661417031330446, 48.726568712748481 ], [ 7.661084229597245, 48.726806973459986 ], [ 7.660766662511122, 48.727215826035739 ], [ 7.659899132008344, 48.727871423268702 ], [ 7.658006535950785, 48.728639146818203 ], [ 7.657501067137938, 48.728316518955715 ], [ 7.65728872768814, 48.728378873551016 ], [ 7.655037732793191, 48.729556981771218 ], [ 7.654428634195274, 48.729751949952522 ], [ 7.653260668351911, 48.729941699124879 ], [ 7.652071511608222, 48.728366332904926 ], [ 7.649983942488009, 48.728934305267799 ], [ 7.64852422283429, 48.727072135162082 ], [ 7.647685211996999, 48.727285043924446 ], [ 7.647079755280575, 48.725074206016295 ], [ 7.645198978062779, 48.725210575976568 ], [ 7.644864808914138, 48.720538474611544 ], [ 7.645510584078008, 48.720603407855293 ], [ 7.646386228986056, 48.720497199896883 ], [ 7.646567798489031, 48.719310872898447 ], [ 7.644628815939746, 48.719044893347849 ], [ 7.642935380642858, 48.718901768685257 ], [ 7.641982244586918, 48.717218006393182 ], [ 7.643027068236379, 48.717330479071371 ], [ 7.642022826143389, 48.714612569210047 ], [ 7.644558532126702, 48.714802100070905 ], [ 7.647911384960309, 48.713923571938309 ], [ 7.649563462120806, 48.713669924602939 ], [ 7.649597620455955, 48.708704097342235 ], [ 7.650234110514922, 48.706985382084241 ], [ 7.649610831738793, 48.706865542205655 ], [ 7.647736215985122, 48.706452130059411 ], [ 7.646262258215645, 48.706257328293276 ], [ 7.646409826473941, 48.705774045078186 ], [ 7.645180879040075, 48.705578687238948 ], [ 7.645468750502181, 48.703765466453653 ], [ 7.642686204227407, 48.703549551496344 ], [ 7.641379145620311, 48.704005918201197 ], [ 7.640586741071547, 48.703361032216897 ], [ 7.640872409262442, 48.703205747194929 ], [ 7.639731311716025, 48.701394128930609 ], [ 7.638599036714173, 48.701519302280232 ], [ 7.63826235644308, 48.699415063446004 ], [ 7.636751910271167, 48.699572961602435 ], [ 7.636751934471826, 48.699113451838841 ], [ 7.63535320876774, 48.699149855244315 ], [ 7.635331660287082, 48.699213763330526 ], [ 7.633612165826647, 48.699316684358848 ], [ 7.631532022226045, 48.699343500247117 ], [ 7.629463878061447, 48.699198624915773 ], [ 7.626413573291446, 48.69887561589384 ], [ 7.625404237845093, 48.698851733097449 ], [ 7.624091669385999, 48.698938719160111 ], [ 7.624158651399173, 48.699080277973074 ], [ 7.62217177253144, 48.699391627418109 ], [ 7.622172516670007, 48.699553776359984 ], [ 7.61988485771739, 48.699696556655738 ], [ 7.619039080096496, 48.699675287668974 ], [ 7.617520712498471, 48.701436998025521 ], [ 7.617624404611381, 48.70153208790547 ], [ 7.615528660514736, 48.702307040143374 ], [ 7.614094544485168, 48.7027139629378 ], [ 7.613970493405613, 48.703466579391659 ], [ 7.612017980250635, 48.703244842116909 ], [ 7.610991119559881, 48.703023297675294 ], [ 7.610930345084303, 48.703259903503984 ], [ 7.608285119142753, 48.703209064395026 ], [ 7.608298593406182, 48.703361709169215 ], [ 7.608179671927405, 48.703402347120509 ], [ 7.607008260518574, 48.703393583055529 ], [ 7.607032729415447, 48.703825104827771 ], [ 7.604777031477584, 48.703560912573721 ], [ 7.604795451085276, 48.703461093743911 ], [ 7.603033111735192, 48.702925531296593 ], [ 7.602574394996042, 48.703898279997375 ], [ 7.600969088334671, 48.703599884249194 ], [ 7.600853890727229, 48.703991749273342 ], [ 7.601006509339755, 48.704796729600083 ], [ 7.60125986170345, 48.705354558212292 ], [ 7.601263937823953, 48.706327447334779 ], [ 7.600836813644381, 48.707659351285116 ], [ 7.599960575967241, 48.709765398026995 ], [ 7.599405741414034, 48.711039152208265 ], [ 7.59390812955617, 48.709674506386776 ], [ 7.593647438069402, 48.710270179355092 ], [ 7.593163877292766, 48.710189711088503 ], [ 7.593018583207482, 48.710240358633158 ], [ 7.591391529639864, 48.710005735467348 ], [ 7.58976636128709, 48.709482711327531 ], [ 7.587955227652111, 48.709011873224185 ], [ 7.58792812614505, 48.709787739903909 ], [ 7.585726380196765, 48.709674268121347 ], [ 7.585708553121094, 48.709936231191968 ], [ 7.585476324789089, 48.709927147410966 ], [ 7.585240305366048, 48.710494820228369 ], [ 7.584618695559968, 48.711167420781983 ], [ 7.584419584038026, 48.711535461327244 ], [ 7.584414367856149, 48.711941090935845 ], [ 7.584785121175652, 48.712287210609212 ], [ 7.584108584007152, 48.712799747934532 ], [ 7.584090585325895, 48.713214878145116 ], [ 7.583904242367869, 48.71357341613524 ], [ 7.583221995710868, 48.714176261541141 ], [ 7.582317279046125, 48.714571427338214 ], [ 7.581851487219909, 48.715003770593484 ], [ 7.581038508718778, 48.716134176235762 ], [ 7.57759649149544, 48.717095284054309 ], [ 7.57588259329425, 48.717269204954675 ], [ 7.572273834026758, 48.71679504741055 ], [ 7.565790183582777, 48.716295799935324 ] ] ] ] } },
{ "type": "Feature", "properties": { "fid": 28, "INSEE_ARR": "4", "INSEE_DEP": "67", "CODE_EPCI": "200034635", "NOM_EPCI": "CDC DU KOCHERSBERG\n" }, "geometry": { "type": "MultiPolygon", "coordinates": [ [ [ [ 7.653904028138379, 48.610719172749349 ], [ 7.653739052307107, 48.610392229734785 ], [ 7.652582571516994, 48.610833947062922 ], [ 7.652266402865194, 48.611098615182449 ], [ 7.650661491545132, 48.611846194913184 ], [ 7.6499414513235, 48.612153678858498 ], [ 7.649395820434707, 48.612283137041892 ], [ 7.644333580915238, 48.612507939417675 ], [ 7.64346132085324, 48.612478920014212 ], [ 7.642201919215436, 48.612374897717466 ], [ 7.640654950316253, 48.611939677104075 ], [ 7.638425362373924, 48.61085526055416 ], [ 7.635089502801296, 48.609399432510983 ], [ 7.633029030042793, 48.608074053941507 ], [ 7.632344851977615, 48.607866427252006 ], [ 7.633367694119339, 48.606835413029394 ], [ 7.634015347387083, 48.605864060560236 ], [ 7.634238463655509, 48.604855182590555 ], [ 7.634319900675127, 48.602860649012278 ], [ 7.631756984867139, 48.60276226187338 ], [ 7.632526613332093, 48.600713890894589 ], [ 7.62952897085835, 48.600614372907238 ], [ 7.630887164595344, 48.598615180922494 ], [ 7.629669588684782, 48.598212057256596 ], [ 7.62864633346651, 48.597855421973293 ], [ 7.628546766958058, 48.597958415139445 ], [ 7.628173289883065, 48.597882845164591 ], [ 7.627514471426367, 48.598881638343784 ], [ 7.624533038436942, 48.598195675583511 ], [ 7.620674761959554, 48.597886120995241 ], [ 7.621067172866488, 48.596176871375697 ], [ 7.615502134267049, 48.594996368824035 ], [ 7.608732178708189, 48.593087413986908 ], [ 7.610826362849848, 48.591726715876206 ], [ 7.610291390814953, 48.591513185059043 ], [ 7.604356175721186, 48.590130285200921 ], [ 7.598928307709584, 48.588952739683457 ], [ 7.598893656877271, 48.589485702535832 ], [ 7.595307029209899, 48.589011667255704 ], [ 7.593405641832113, 48.589013058912144 ], [ 7.592937389154391, 48.589094222634962 ], [ 7.590880150168226, 48.588867321479171 ], [ 7.591042364446135, 48.588239332867275 ], [ 7.58891369710118, 48.587816926567797 ], [ 7.588560376939556, 48.588434266440927 ], [ 7.587164879497164, 48.588163739969282 ], [ 7.586804297590319, 48.588853437535356 ], [ 7.585337969012396, 48.588549580430517 ], [ 7.585215825224304, 48.588860646927301 ], [ 7.583804274527299, 48.588716846860116 ], [ 7.583714537513919, 48.589242912797502 ], [ 7.581998551954982, 48.589345099149604 ], [ 7.582050002749784, 48.589622439832205 ], [ 7.580549456239575, 48.590013645669842 ], [ 7.579556386899502, 48.590151015177661 ], [ 7.577931978094389, 48.590213572407855 ], [ 7.578106451994426, 48.590810551378709 ], [ 7.576802429903259, 48.591275233407977 ], [ 7.576931333060672, 48.591351364903055 ], [ 7.576084224449419, 48.59191558347937 ], [ 7.575698153307262, 48.592471064073116 ], [ 7.575530993083001, 48.592423434606161 ], [ 7.573498817451103, 48.592483598534727 ], [ 7.573072879211414, 48.592427898546802 ], [ 7.570545890122006, 48.592732300444752 ], [ 7.570567070630442, 48.592974765347897 ], [ 7.571283575933162, 48.593091386362659 ], [ 7.569327163862296, 48.595419165062822 ], [ 7.56891160748874, 48.595327009395305 ], [ 7.567501261883031, 48.597687825966815 ], [ 7.56645400165965, 48.600007643827311 ], [ 7.5671698100273, 48.600115308777532 ], [ 7.566843017247452, 48.600884720434252 ], [ 7.565562886609375, 48.600537422636265 ], [ 7.565170851237808, 48.60180489614865 ], [ 7.564862915404849, 48.602168115637376 ], [ 7.563613763360678, 48.601864658554774 ], [ 7.561602478815725, 48.60154537377953 ], [ 7.561418728345052, 48.601930850691851 ], [ 7.557333680967532, 48.601042283769466 ], [ 7.554347074693469, 48.600598068241013 ], [ 7.553476626725964, 48.600586349899366 ], [ 7.552020590934816, 48.600714173565237 ], [ 7.551502698444225, 48.600851128021965 ], [ 7.547794157236835, 48.599758619001854 ], [ 7.543021974827066, 48.598148011602269 ], [ 7.5394682828129, 48.596643884288106 ], [ 7.539110910204734, 48.597378334229546 ], [ 7.5389849579602, 48.598275140964404 ], [ 7.539031016136229, 48.599588855145697 ], [ 7.539286115798358, 48.601119840799988 ], [ 7.537525620695432, 48.601340196483669 ], [ 7.537341693735224, 48.601725636282666 ], [ 7.536972994669245, 48.601703662485342 ], [ 7.536705839427691, 48.602695948946256 ], [ 7.538599343012854, 48.602912024165413 ], [ 7.53801150168226, 48.604592303899402 ], [ 7.537333326038285, 48.606014732659851 ], [ 7.537187848791962, 48.606687023711878 ], [ 7.537299359063632, 48.607502680857323 ], [ 7.538258708840693, 48.609790661213566 ], [ 7.543011094532601, 48.610537273186196 ], [ 7.542336235823662, 48.612779509588371 ], [ 7.541028994194189, 48.616190144655839 ], [ 7.542410676151653, 48.616452742743377 ], [ 7.544856603134701, 48.616764770532662 ], [ 7.544227727213722, 48.620005355555691 ], [ 7.54695358784914, 48.620252593310191 ], [ 7.546596765972763, 48.623338628126135 ], [ 7.54102789426095, 48.622280910344024 ], [ 7.539602213779945, 48.623704823875322 ], [ 7.532574740699513, 48.621026524420394 ], [ 7.532287015878206, 48.621469959810035 ], [ 7.532036958614235, 48.622191265149958 ], [ 7.530614459696468, 48.626948578979274 ], [ 7.529268626484715, 48.62961265930295 ], [ 7.528253907075674, 48.63202085014133 ], [ 7.528048402782072, 48.633100831760402 ], [ 7.527152478620441, 48.634684595367418 ], [ 7.526115461592298, 48.636994491743188 ], [ 7.525618798121571, 48.638166622295387 ], [ 7.525394557496001, 48.639031070614408 ], [ 7.525370342470035, 48.639536534226828 ], [ 7.525508395272368, 48.640188992311749 ], [ 7.522637114672918, 48.639685477795844 ], [ 7.521643985969958, 48.639362826138417 ], [ 7.520526938466626, 48.638864680164666 ], [ 7.519180270128706, 48.638068915264164 ], [ 7.519001653167946, 48.637417992193008 ], [ 7.51805544727588, 48.637165608052669 ], [ 7.516350144965211, 48.639455716851522 ], [ 7.517410278909419, 48.64008219584958 ], [ 7.518744551467997, 48.640734296767832 ], [ 7.51754764416706, 48.641671686597185 ], [ 7.51870198581886, 48.64260090675981 ], [ 7.517281231923076, 48.643465702276217 ], [ 7.515020375576792, 48.642632506561469 ], [ 7.514448586558042, 48.643095665587325 ], [ 7.515539339931893, 48.643603875160473 ], [ 7.515219225779894, 48.644147585081257 ], [ 7.515455804540239, 48.644210687090357 ], [ 7.515020703811242, 48.644839844369663 ], [ 7.514237775916455, 48.644590243040071 ], [ 7.514146017970245, 48.644629761328638 ], [ 7.514036545341902, 48.645408736643432 ], [ 7.513427089133036, 48.645278685137441 ], [ 7.512755775958755, 48.646006884419208 ], [ 7.509911878337329, 48.647240861251099 ], [ 7.506868818737449, 48.648374190426921 ], [ 7.506384810080265, 48.647806896738196 ], [ 7.504403427799035, 48.648323355070808 ], [ 7.502735292205619, 48.648530617654423 ], [ 7.502925350236396, 48.649316262158635 ], [ 7.500342907373316, 48.649801326736338 ], [ 7.499663986220328, 48.650601803574141 ], [ 7.499379685447027, 48.651090049602558 ], [ 7.496085457441548, 48.651205502632045 ], [ 7.493885524919267, 48.651396682172681 ], [ 7.490194767703841, 48.6502205794175 ], [ 7.488368175321317, 48.650325500447408 ], [ 7.486983313333011, 48.650666006357312 ], [ 7.483556803847212, 48.651299630910941 ], [ 7.483196732434337, 48.652015919005457 ], [ 7.483312264117227, 48.652570146123459 ], [ 7.483601859964938, 48.65356828337638 ], [ 7.485946969106682, 48.654750255423473 ], [ 7.486416889333478, 48.656264131962416 ], [ 7.485864099040777, 48.656636324384849 ], [ 7.488950520756843, 48.65710560025191 ], [ 7.487862034714175, 48.657732240395106 ], [ 7.485914528088155, 48.65738219650526 ], [ 7.485032009598594, 48.658983060830963 ], [ 7.484959657317337, 48.659724547189242 ], [ 7.484931640756295, 48.660031917880815 ], [ 7.483708084592957, 48.660195120361912 ], [ 7.483718416337349, 48.660474018487491 ], [ 7.483127038664076, 48.660397184662614 ], [ 7.482635635229539, 48.66021748234175 ], [ 7.482240046556681, 48.659727856425498 ], [ 7.48171599628709, 48.66059445292646 ], [ 7.481256328475859, 48.660467606007522 ], [ 7.481137099580197, 48.660345963822927 ], [ 7.481042050641062, 48.660664864579836 ], [ 7.480361153136445, 48.661447263638117 ], [ 7.478943102536838, 48.662356489579089 ], [ 7.479650646533126, 48.662519066584323 ], [ 7.480227250215807, 48.662740621700593 ], [ 7.484102787523422, 48.66447766934504 ], [ 7.483968619556854, 48.664816063289912 ], [ 7.485376156440656, 48.665844161428481 ], [ 7.485688163549373, 48.666309898053491 ], [ 7.485921594247943, 48.666652464728024 ], [ 7.488206924070745, 48.668872717048451 ], [ 7.489328162886356, 48.669416054197427 ], [ 7.489833567319129, 48.669757370001726 ], [ 7.490613803229736, 48.670764013286579 ], [ 7.491236623915643, 48.671046840694991 ], [ 7.493213252368294, 48.671729057331071 ], [ 7.493569557968646, 48.672075983567744 ], [ 7.496570228763558, 48.674224048745295 ], [ 7.496130433597148, 48.674646068016102 ], [ 7.49854761057148, 48.676176457424795 ], [ 7.500538821534101, 48.677182342702032 ], [ 7.499248877438062, 48.678474351521565 ], [ 7.502867409470505, 48.680049366007843 ], [ 7.500050566787011, 48.683516253027129 ], [ 7.498497677817847, 48.682863180715756 ], [ 7.495467748319201, 48.687653315080048 ], [ 7.494629673300643, 48.687243489891358 ], [ 7.49251621950141, 48.685926794958334 ], [ 7.491617334542369, 48.685600325293109 ], [ 7.491228564428176, 48.685984356967722 ], [ 7.491622985501456, 48.686140659527396 ], [ 7.492438276574944, 48.68612793507382 ], [ 7.492663772797219, 48.686218531543524 ], [ 7.494376618705092, 48.687307091805806 ], [ 7.497360112753839, 48.688771097492662 ], [ 7.498937706989151, 48.688603422272074 ], [ 7.498794030738331, 48.688041271533308 ], [ 7.500206608049985, 48.687222140858886 ], [ 7.501299060876486, 48.686478151936655 ], [ 7.501858184394955, 48.686808382056881 ], [ 7.502997060571126, 48.686603173268274 ], [ 7.50348258715232, 48.686710948294348 ], [ 7.503858464301506, 48.686651692235507 ], [ 7.504243634361329, 48.686700193966523 ], [ 7.50441955063567, 48.68684669881781 ], [ 7.504611749281039, 48.686866458973633 ], [ 7.504747374321652, 48.686861330516997 ], [ 7.504817905174093, 48.686732534630863 ], [ 7.505162389286032, 48.6867825719686 ], [ 7.505307321695769, 48.686569879175607 ], [ 7.505251916020925, 48.686400799641902 ], [ 7.506933650730216, 48.686021864090222 ], [ 7.507088647360652, 48.686241230496314 ], [ 7.507933386162242, 48.686254313567197 ], [ 7.508001587587599, 48.686413898760968 ], [ 7.508114737271364, 48.68646367226971 ], [ 7.509388823187494, 48.686406441340679 ], [ 7.50956396347772, 48.686228636078937 ], [ 7.512021837082877, 48.686171604627312 ], [ 7.512384541891663, 48.686274986648051 ], [ 7.5132443606591, 48.685990155363207 ], [ 7.51318929999172, 48.685667907941991 ], [ 7.513679087962253, 48.685667369362463 ], [ 7.51435792616601, 48.68533533089299 ], [ 7.514438931840098, 48.685485418723523 ], [ 7.515925992203526, 48.68474434906549 ], [ 7.516162394164867, 48.684960619133648 ], [ 7.516431302415536, 48.68492339623252 ], [ 7.516656058418111, 48.685004967576667 ], [ 7.518229592801286, 48.684792137393352 ], [ 7.518543423088686, 48.684645094102493 ], [ 7.51906406735233, 48.684057757314072 ], [ 7.519391672343178, 48.684856166845194 ], [ 7.519428341302055, 48.685908864539385 ], [ 7.519759347351301, 48.686274697016344 ], [ 7.520447641187922, 48.686681027239217 ], [ 7.520804311194099, 48.687343190144475 ], [ 7.520248057227185, 48.688148106566061 ], [ 7.522061312014701, 48.688502728648082 ], [ 7.521410987192924, 48.68963555504083 ], [ 7.520696379560516, 48.689554562387897 ], [ 7.520596077470958, 48.689810628308393 ], [ 7.520136447441132, 48.691260542376995 ], [ 7.5211653704826, 48.69135663946237 ], [ 7.520656151443706, 48.692862491039037 ], [ 7.518460636614375, 48.692495313674058 ], [ 7.518412597306377, 48.692569209525963 ], [ 7.517753303534472, 48.694071725745523 ], [ 7.519649336078905, 48.694594426617734 ], [ 7.524435957340587, 48.695493868247894 ], [ 7.524260939273931, 48.695987014096175 ], [ 7.525900040974296, 48.696213060484226 ], [ 7.526086842279246, 48.697269057788425 ], [ 7.526979017079057, 48.69719912749288 ], [ 7.527175395718019, 48.697894388890013 ], [ 7.529931130697942, 48.697969840026893 ], [ 7.531400523057252, 48.698121181938895 ], [ 7.531361848603549, 48.698302838445407 ], [ 7.53478793122429, 48.698731074539026 ], [ 7.535015086160581, 48.698055740425616 ], [ 7.53908918858655, 48.698423150872678 ], [ 7.539056299453765, 48.698514497104377 ], [ 7.540713593214141, 48.698478380888332 ], [ 7.54082992392328, 48.69856404118898 ], [ 7.540909378381442, 48.699164639326803 ], [ 7.541501566630171, 48.699088014114942 ], [ 7.541794171433051, 48.699635440901794 ], [ 7.542250414288931, 48.701437936628722 ], [ 7.543277733485143, 48.701669052525311 ], [ 7.542828639911582, 48.702451967485565 ], [ 7.549604882318765, 48.703833151318371 ], [ 7.54970297774809, 48.703865443597678 ], [ 7.549643489932851, 48.704119976933228 ], [ 7.549767936453721, 48.704142253760494 ], [ 7.551344526604605, 48.704271246459726 ], [ 7.551347916306204, 48.704153995162073 ], [ 7.552617159217606, 48.703880277735344 ], [ 7.552813162698196, 48.705503486906245 ], [ 7.553857620097177, 48.706553713979474 ], [ 7.554531846364187, 48.707104548270799 ], [ 7.554748922567605, 48.707096251976807 ], [ 7.556651130128889, 48.710798462092789 ], [ 7.557103461393074, 48.711925355586516 ], [ 7.561167489862632, 48.711850980656592 ], [ 7.561622738399755, 48.712698457864143 ], [ 7.562034610034885, 48.713205237437968 ], [ 7.563669496367328, 48.714620187604616 ], [ 7.563969365966706, 48.714779883776565 ], [ 7.56434606553004, 48.715351068327003 ], [ 7.564409105325935, 48.7159162446086 ], [ 7.565571364712796, 48.71581767537954 ], [ 7.565790183582777, 48.716295799935324 ], [ 7.572273834026758, 48.71679504741055 ], [ 7.57588259329425, 48.717269204954675 ], [ 7.57759649149544, 48.717095284054309 ], [ 7.581038508718778, 48.716134176235762 ], [ 7.581851487219909, 48.715003770593484 ], [ 7.582317279046125, 48.714571427338214 ], [ 7.583221995710868, 48.714176261541141 ], [ 7.583904242367869, 48.71357341613524 ], [ 7.584090585325895, 48.713214878145116 ], [ 7.584108584007152, 48.712799747934532 ], [ 7.584785121175652, 48.712287210609212 ], [ 7.584414367856149, 48.711941090935845 ], [ 7.584419584038026, 48.711535461327244 ], [ 7.584618695559968, 48.711167420781983 ], [ 7.585240305366048, 48.710494820228369 ], [ 7.585476324789089, 48.709927147410966 ], [ 7.585708553121094, 48.709936231191968 ], [ 7.585726380196765, 48.709674268121347 ], [ 7.58792812614505, 48.709787739903909 ], [ 7.587955227652111, 48.709011873224185 ], [ 7.58976636128709, 48.709482711327531 ], [ 7.591391529639864, 48.710005735467348 ], [ 7.593018583207482, 48.710240358633158 ], [ 7.593163877292766, 48.710189711088503 ], [ 7.593647438069402, 48.710270179355092 ], [ 7.59390812955617, 48.709674506386776 ], [ 7.599405741414034, 48.711039152208265 ], [ 7.599960575967241, 48.709765398026995 ], [ 7.600836813644381, 48.707659351285116 ], [ 7.601263937823953, 48.706327447334779 ], [ 7.60125986170345, 48.705354558212292 ], [ 7.601006509339755, 48.704796729600083 ], [ 7.600853890727229, 48.703991749273342 ], [ 7.600969088334671, 48.703599884249194 ], [ 7.602574394996042, 48.703898279997375 ], [ 7.603033111735192, 48.702925531296593 ], [ 7.604795451085276, 48.703461093743911 ], [ 7.604777031477584, 48.703560912573721 ], [ 7.607032729415447, 48.703825104827771 ], [ 7.607008260518574, 48.703393583055529 ], [ 7.608179671927405, 48.703402347120509 ], [ 7.608298593406182, 48.703361709169215 ], [ 7.608285119142753, 48.703209064395026 ], [ 7.610930345084303, 48.703259903503984 ], [ 7.610991119559881, 48.703023297675294 ], [ 7.612017980250635, 48.703244842116909 ], [ 7.613970493405613, 48.703466579391659 ], [ 7.614094544485168, 48.7027139629378 ], [ 7.615528660514736, 48.702307040143374 ], [ 7.617624404611381, 48.70153208790547 ], [ 7.617520712498471, 48.701436998025521 ], [ 7.619039080096496, 48.699675287668974 ], [ 7.61988485771739, 48.699696556655738 ], [ 7.622172516670007, 48.699553776359984 ], [ 7.62217177253144, 48.699391627418109 ], [ 7.624158651399173, 48.699080277973074 ], [ 7.624091669385999, 48.698938719160111 ], [ 7.625404237845093, 48.698851733097449 ], [ 7.626413573291446, 48.69887561589384 ], [ 7.629463878061447, 48.699198624915773 ], [ 7.631532022226045, 48.699343500247117 ], [ 7.633612165826647, 48.699316684358848 ], [ 7.635331660287082, 48.699213763330526 ], [ 7.63535320876774, 48.699149855244315 ], [ 7.636751934471826, 48.699113451838841 ], [ 7.637002626800618, 48.695959208478115 ], [ 7.639361085375158, 48.695389863289428 ], [ 7.64246388033273, 48.694926618052648 ], [ 7.645188651642623, 48.696334102537911 ], [ 7.644980995582378, 48.694305924284144 ], [ 7.644463697476491, 48.691091473100435 ], [ 7.650520250387806, 48.690179435632359 ], [ 7.649876109656299, 48.688447602166626 ], [ 7.654888456593802, 48.688954638973904 ], [ 7.654977739259822, 48.688734905849927 ], [ 7.658014067079947, 48.689057717496667 ], [ 7.660025238980547, 48.689177284532946 ], [ 7.661941554856333, 48.689453703986985 ], [ 7.662894142238095, 48.68960563582705 ], [ 7.663180123986977, 48.688693418173159 ], [ 7.664015388187373, 48.688750820721495 ], [ 7.66481879301224, 48.688908577789739 ], [ 7.664561707496426, 48.688468132506152 ], [ 7.665640996943824, 48.68836279362656 ], [ 7.666508443976926, 48.687409768502853 ], [ 7.666274697145675, 48.687382884146629 ], [ 7.666341228191651, 48.686452220010338 ], [ 7.668590708980709, 48.686346056997891 ], [ 7.669063036117121, 48.685084122936431 ], [ 7.671377658032035, 48.68464196940014 ], [ 7.670142421290955, 48.683915518935727 ], [ 7.672400557708821, 48.682538481864157 ], [ 7.67290438328226, 48.682086219889989 ], [ 7.673914217296803, 48.68090228097445 ], [ 7.674682973677517, 48.680673882683905 ], [ 7.675728532802762, 48.680497685509096 ], [ 7.676199027049076, 48.679217759276675 ], [ 7.675145457887028, 48.679304172375105 ], [ 7.67472972742108, 48.677851796815588 ], [ 7.674925067803295, 48.677754025308467 ], [ 7.674974244253119, 48.676175274066374 ], [ 7.676399875961651, 48.67675003211945 ], [ 7.676462626829971, 48.676387151383473 ], [ 7.676792040220405, 48.676419267952944 ], [ 7.677795673492363, 48.676839383032089 ], [ 7.678543556723663, 48.676530682021763 ], [ 7.682527508124656, 48.675743375347004 ], [ 7.682380210035901, 48.674100250645637 ], [ 7.682605477831498, 48.673577795817607 ], [ 7.683459585867365, 48.673544208419564 ], [ 7.683442841277158, 48.672598765282878 ], [ 7.683368615958362, 48.672529600484488 ], [ 7.683889702681423, 48.671968475864233 ], [ 7.684063939890441, 48.671484065618266 ], [ 7.685922149538288, 48.671573148023 ], [ 7.686269243379746, 48.67089271035907 ], [ 7.687431357527274, 48.67110827647975 ], [ 7.688357362588205, 48.668693036978389 ], [ 7.687653781975216, 48.668432399339437 ], [ 7.687274916356882, 48.669213210479448 ], [ 7.686838453230648, 48.669807065150493 ], [ 7.686104667476505, 48.669664744156215 ], [ 7.686404771530035, 48.669067248525202 ], [ 7.683734507038019, 48.668568605286602 ], [ 7.683311565218937, 48.669161914151033 ], [ 7.68244854987978, 48.668943559246188 ], [ 7.6824316488326, 48.668755002986487 ], [ 7.680877167225495, 48.668410647158176 ], [ 7.68104220540359, 48.667367950079139 ], [ 7.677020648217083, 48.667120507633861 ], [ 7.676397087462943, 48.667144998821215 ], [ 7.676719140280336, 48.66587989118333 ], [ 7.675860921949014, 48.665562187310883 ], [ 7.675063050348792, 48.664854656812338 ], [ 7.673952734704897, 48.664303554869313 ], [ 7.673704126167661, 48.664565607590333 ], [ 7.673323682893525, 48.664418351748502 ], [ 7.67276310918418, 48.664386290012629 ], [ 7.671806040355537, 48.664027385442083 ], [ 7.672163706271921, 48.663463711308644 ], [ 7.671069506073101, 48.663092161524105 ], [ 7.669889089497818, 48.662516742803255 ], [ 7.67034797719969, 48.661868009150638 ], [ 7.669459457197789, 48.661362230672232 ], [ 7.670251843812387, 48.661096877937382 ], [ 7.669973626164444, 48.659810279684564 ], [ 7.670967687673399, 48.659518988807868 ], [ 7.67229666114229, 48.659322672107614 ], [ 7.670902988171366, 48.656665192177648 ], [ 7.671696901871162, 48.656417786873916 ], [ 7.670782136760253, 48.654552457250894 ], [ 7.66912819137369, 48.655067867051784 ], [ 7.668790294346358, 48.653873708054704 ], [ 7.668617152608914, 48.653610182419321 ], [ 7.669046812980733, 48.653548278159349 ], [ 7.672269059200207, 48.652169380606814 ], [ 7.674892979957193, 48.651552756903229 ], [ 7.674892772743487, 48.651246404707855 ], [ 7.676392066411055, 48.650980268648553 ], [ 7.678267228269319, 48.650203756622162 ], [ 7.678215445077889, 48.649169568990303 ], [ 7.679654712936424, 48.648689492023827 ], [ 7.679250704667326, 48.647822331355002 ], [ 7.680932028663323, 48.648071594988664 ], [ 7.681830023624654, 48.647621785361956 ], [ 7.68251843656352, 48.647261309654866 ], [ 7.682852794551474, 48.646743556893469 ], [ 7.681977529340481, 48.646687883338373 ], [ 7.68205159160709, 48.646603873806647 ], [ 7.683888276524359, 48.645855806728626 ], [ 7.685459142629668, 48.644721702067287 ], [ 7.686279374436563, 48.644770505190387 ], [ 7.686683981087392, 48.644430187077631 ], [ 7.689504213732866, 48.644643484887119 ], [ 7.689609388741872, 48.644603297767951 ], [ 7.689304850326473, 48.644543211020959 ], [ 7.689961452662222, 48.643526155864095 ], [ 7.691830270342838, 48.644047208451852 ], [ 7.693507216942001, 48.642431233171379 ], [ 7.696113003885169, 48.642679861109642 ], [ 7.696355582245393, 48.642201726808963 ], [ 7.696814403086646, 48.640498596465768 ], [ 7.700507855600075, 48.640596063989442 ], [ 7.700545900127183, 48.640414344238202 ], [ 7.701518524166558, 48.640646249293845 ], [ 7.701378276024806, 48.639993997016212 ], [ 7.701571083297354, 48.639265510534685 ], [ 7.701015426970486, 48.639134277140286 ], [ 7.701195315142122, 48.638262127177434 ], [ 7.700526985667159, 48.637180190227141 ], [ 7.700885325519507, 48.636931752166362 ], [ 7.700166592164655, 48.636347402728646 ], [ 7.699987699201387, 48.636021065869031 ], [ 7.69811920768218, 48.634896404210714 ], [ 7.697321333487464, 48.634035826326922 ], [ 7.696738314607728, 48.633599285317267 ], [ 7.695723424895088, 48.633197807195359 ], [ 7.694622594424747, 48.632898831239906 ], [ 7.694738707752367, 48.632677989105574 ], [ 7.693747878171356, 48.632392687144737 ], [ 7.693723692562862, 48.632123315116772 ], [ 7.692544841844932, 48.631863442158391 ], [ 7.692407520180201, 48.630030640185794 ], [ 7.69374680428036, 48.629049692691673 ], [ 7.692007511470894, 48.628451489146435 ], [ 7.691125643770111, 48.6278645119258 ], [ 7.690585349306332, 48.626993736223483 ], [ 7.69033530322744, 48.626327777351875 ], [ 7.690465770502045, 48.626115383330756 ], [ 7.690933901773144, 48.625727479807814 ], [ 7.690864115699248, 48.625252653638107 ], [ 7.689144889806864, 48.625482623520625 ], [ 7.6890488520689, 48.623350826328668 ], [ 7.689269585736314, 48.623387180514626 ], [ 7.689518433410981, 48.622827706108104 ], [ 7.68858441018798, 48.622567160790787 ], [ 7.689622538020628, 48.621715259702441 ], [ 7.685998666335329, 48.619497203252799 ], [ 7.685742419933956, 48.619822678836385 ], [ 7.685213157984767, 48.619528143350912 ], [ 7.684688585187897, 48.620044402197706 ], [ 7.683336948231821, 48.619520925525414 ], [ 7.683258229192561, 48.619704242479855 ], [ 7.682529679345488, 48.620219510080339 ], [ 7.681689550555792, 48.620703120150708 ], [ 7.680865119355417, 48.620906768996946 ], [ 7.67987402080086, 48.620918729604874 ], [ 7.679462202556395, 48.621025038067614 ], [ 7.679329292687213, 48.621210483187305 ], [ 7.677369600457277, 48.62042250932172 ], [ 7.67622176670008, 48.619593583218091 ], [ 7.674465620650393, 48.618040652428633 ], [ 7.67382940069365, 48.617308740746068 ], [ 7.670788453982575, 48.614454608163626 ], [ 7.670101458282421, 48.613913899776115 ], [ 7.669569762874857, 48.613285993395678 ], [ 7.668293205220858, 48.612534137248275 ], [ 7.667943610629316, 48.612728074509121 ], [ 7.666784395238802, 48.612377085696075 ], [ 7.666586078661068, 48.61243893160313 ], [ 7.661280501325172, 48.611610729102296 ], [ 7.660952242694883, 48.611434366210489 ], [ 7.659308756672378, 48.610985143223012 ], [ 7.654474141564057, 48.609948970097278 ], [ 7.654929968957141, 48.61064298183657 ], [ 7.653904028138379, 48.610719172749349 ] ] ] ] } },
{ "type": "Feature", "properties": { "fid": 39, "INSEE_ARR": "8", "INSEE_DEP": "67", "CODE_EPCI": "246700488", "NOM_EPCI": "STRASBOURG EUROMÉTROPOLE\n" }, "geometry": { "type": "MultiPolygon", "coordinates": [ [ [ [ 7.740040953633238, 48.438847419894564 ], [ 7.73959421741672, 48.440649772881457 ], [ 7.74003818718757, 48.44196587877645 ], [ 7.745530049867082, 48.446973436612261 ], [ 7.745848866060879, 48.447952055186725 ], [ 7.742611557771726, 48.448856685677583 ], [ 7.742214714335288, 48.448962685719437 ], [ 7.740928939381538, 48.448076809176662 ], [ 7.738874675563223, 48.447681280008467 ], [ 7.737827139671691, 48.447182399074848 ], [ 7.737212375591722, 48.446675229032486 ], [ 7.73601470837181, 48.445263057146761 ], [ 7.734950508749842, 48.444728768642719 ], [ 7.732517677995355, 48.444339243508594 ], [ 7.72925712812355, 48.445586913266297 ], [ 7.726831745330439, 48.446332542190909 ], [ 7.722943215548435, 48.44783037330896 ], [ 7.717363500610379, 48.449656729798811 ], [ 7.717230124116847, 48.449680061505063 ], [ 7.717196666681303, 48.449609293968798 ], [ 7.71045757604528, 48.450598226053309 ], [ 7.709718535698658, 48.450816844712435 ], [ 7.709194472952903, 48.450864698649809 ], [ 7.709107027569816, 48.45079607370446 ], [ 7.708041571529574, 48.45100060930875 ], [ 7.707370819364897, 48.451225513169241 ], [ 7.705996018317637, 48.452361561647969 ], [ 7.704015392470578, 48.454296679669632 ], [ 7.702823326143441, 48.454298906333918 ], [ 7.702310890968438, 48.452814189890887 ], [ 7.70252045295111, 48.452733780565069 ], [ 7.701625221515767, 48.451210169358752 ], [ 7.701279057721029, 48.45127796968282 ], [ 7.700996363619459, 48.449937344576739 ], [ 7.698999432046255, 48.450178729299409 ], [ 7.698429409989835, 48.450318479310191 ], [ 7.697315383309765, 48.450434720210374 ], [ 7.69515111961246, 48.450925997335254 ], [ 7.695308619238947, 48.451172101272995 ], [ 7.695328711234179, 48.451396610235669 ], [ 7.695074950052915, 48.451740110327627 ], [ 7.695452155353705, 48.452473183388236 ], [ 7.694769276376151, 48.452563310556897 ], [ 7.693379881676612, 48.452933743885566 ], [ 7.694703548175262, 48.45500820981578 ], [ 7.696250219904996, 48.456091504698279 ], [ 7.697010665647142, 48.457169879244958 ], [ 7.696233100578475, 48.458624596946528 ], [ 7.696195030337514, 48.459410160734485 ], [ 7.695934659304069, 48.460285636644031 ], [ 7.695481227976577, 48.461123695070803 ], [ 7.69495126624757, 48.46171244151251 ], [ 7.694976345273261, 48.462144029866032 ], [ 7.695554393856487, 48.462697917868738 ], [ 7.695508108145119, 48.463240476937472 ], [ 7.695665006285045, 48.463630797048438 ], [ 7.694461304751149, 48.467139091948738 ], [ 7.694427543812056, 48.467518935166019 ], [ 7.694494741087494, 48.467966878610241 ], [ 7.69470003563741, 48.468292198732627 ], [ 7.695243742370414, 48.468613133873411 ], [ 7.694755502991717, 48.469668848106281 ], [ 7.693897792408951, 48.470685108971395 ], [ 7.693808398175414, 48.471049128316849 ], [ 7.694000036573737, 48.471221784969657 ], [ 7.694790878596239, 48.47157800190358 ], [ 7.695595563741685, 48.47224007532018 ], [ 7.6955737048826, 48.472601422289685 ], [ 7.695676446190571, 48.472840679967426 ], [ 7.69611826572681, 48.472931332555525 ], [ 7.696336125144975, 48.473093935564691 ], [ 7.697233446129675, 48.473427897407227 ], [ 7.696235674253434, 48.474242441359515 ], [ 7.696244236417442, 48.475548846345916 ], [ 7.696173016129616, 48.475813014657533 ], [ 7.695718486337068, 48.476488885980253 ], [ 7.695768671531776, 48.477352052288012 ], [ 7.69612274793533, 48.477824683718488 ], [ 7.696126130056085, 48.478013801938509 ], [ 7.696735871077675, 48.478314093933896 ], [ 7.697714664251888, 48.478951236985658 ], [ 7.6982427504457, 48.479398947553264 ], [ 7.698418684883658, 48.479698387816278 ], [ 7.698508462487476, 48.480397768520419 ], [ 7.698145307423309, 48.481790986842249 ], [ 7.698255491764114, 48.482264258729181 ], [ 7.697696678309986, 48.482079112483689 ], [ 7.697127747164539, 48.482083615991954 ], [ 7.696727176209621, 48.482000343627831 ], [ 7.696436582215947, 48.481480141153845 ], [ 7.695046913882411, 48.481553171614181 ], [ 7.694722893555114, 48.481719198266397 ], [ 7.694390347636419, 48.482092836490203 ], [ 7.692955470521984, 48.48226676210566 ], [ 7.692615830272416, 48.482712770788105 ], [ 7.692208986460368, 48.482710838952144 ], [ 7.691968752630863, 48.482449982031021 ], [ 7.690022164627877, 48.48266213221072 ], [ 7.690249981275994, 48.483238901114802 ], [ 7.690106507826496, 48.483605050239397 ], [ 7.688724001867763, 48.483758828104122 ], [ 7.688124823571998, 48.483728435497916 ], [ 7.687925271058591, 48.483619166102891 ], [ 7.68748498138561, 48.483546444162265 ], [ 7.685477747601813, 48.483535616193898 ], [ 7.683898092600028, 48.48360700465242 ], [ 7.682761123009549, 48.483778053833056 ], [ 7.683402266222545, 48.484581838014421 ], [ 7.68403675096518, 48.485007383257617 ], [ 7.684187601700748, 48.485785460285769 ], [ 7.684008885659373, 48.486819868629809 ], [ 7.68348992709089, 48.486777272549716 ], [ 7.683271631724149, 48.48706525701575 ], [ 7.682895107768626, 48.487251344013686 ], [ 7.682461837703335, 48.488016427205565 ], [ 7.681672312424542, 48.487524896727535 ], [ 7.681772798917372, 48.486980221065501 ], [ 7.681920596950311, 48.486965376992636 ], [ 7.681557398064153, 48.485934334600714 ], [ 7.681268658115414, 48.485585253712848 ], [ 7.680946853622935, 48.485624986258109 ], [ 7.680369064492764, 48.485530627101497 ], [ 7.679697635279959, 48.485602171897831 ], [ 7.679207776135715, 48.486189238308455 ], [ 7.679046355200946, 48.486051415189415 ], [ 7.678647613856653, 48.486292435736146 ], [ 7.678352813298179, 48.487394491071974 ], [ 7.677404072412191, 48.487549050552829 ], [ 7.674832396736221, 48.487443133964923 ], [ 7.671918292641063, 48.487449775793067 ], [ 7.670258424819206, 48.48783954738375 ], [ 7.667788428521613, 48.487657382002176 ], [ 7.667330626261031, 48.4875402156094 ], [ 7.666345725999088, 48.486984180542059 ], [ 7.665951328560447, 48.486513057577746 ], [ 7.664731868083788, 48.485605764901401 ], [ 7.664417023110984, 48.48526668555975 ], [ 7.664064923053724, 48.485118316539861 ], [ 7.661881954267774, 48.484960796727101 ], [ 7.660521374183071, 48.48459971217693 ], [ 7.660013511031172, 48.484376344917266 ], [ 7.658104947426619, 48.482576859341101 ], [ 7.656487354800088, 48.480847030496101 ], [ 7.656271783293312, 48.480098507478893 ], [ 7.656312011743149, 48.479177732664198 ], [ 7.656105317739162, 48.478834388109448 ], [ 7.654400039389409, 48.47825246365457 ], [ 7.653890543742881, 48.477551515398979 ], [ 7.653105467344978, 48.477257891019519 ], [ 7.649336184207256, 48.477090273685896 ], [ 7.648716406217636, 48.476826189399659 ], [ 7.648202224290328, 48.476071332965411 ], [ 7.647566593334432, 48.47593402804587 ], [ 7.646679932019106, 48.476022834009939 ], [ 7.646223908863455, 48.476229941857596 ], [ 7.645011616684726, 48.477539052314818 ], [ 7.64442607052395, 48.477814305469941 ], [ 7.643670467268694, 48.47785289791107 ], [ 7.643340729793868, 48.477802723598032 ], [ 7.642362618145089, 48.477165132009794 ], [ 7.641970113977975, 48.477018282331862 ], [ 7.640810110430594, 48.47723489057789 ], [ 7.640442242679621, 48.477213235070181 ], [ 7.640188786334683, 48.477105998423738 ], [ 7.639796293794804, 48.477878327455173 ], [ 7.639574618782425, 48.479049496458259 ], [ 7.639039070118249, 48.480962877521847 ], [ 7.639325915712067, 48.480987706815796 ], [ 7.639292541497305, 48.481376510688293 ], [ 7.638500331020464, 48.481461557474276 ], [ 7.63825160245703, 48.482327382939488 ], [ 7.637985394198203, 48.482842438818146 ], [ 7.637592843088948, 48.483155166297578 ], [ 7.635034138897464, 48.483498470009032 ], [ 7.634751264542598, 48.483365336175339 ], [ 7.634752879897426, 48.483076903351126 ], [ 7.633912222968788, 48.482614106148603 ], [ 7.632548803716939, 48.481603989869193 ], [ 7.632548071214993, 48.481135417768691 ], [ 7.632774554469842, 48.480937330967905 ], [ 7.632526690270385, 48.480586547786714 ], [ 7.631892654422989, 48.480313923323607 ], [ 7.631671814639162, 48.479962083382432 ], [ 7.631945231725583, 48.479374668381425 ], [ 7.631931768287735, 48.479068800920537 ], [ 7.631716463293205, 48.478933022349771 ], [ 7.630563590681492, 48.478770763131088 ], [ 7.629825407238251, 48.479006840682487 ], [ 7.629237476565299, 48.478795484450643 ], [ 7.628753552665158, 48.478994598346958 ], [ 7.628471478977173, 48.479023627168452 ], [ 7.627877971684612, 48.478902597376972 ], [ 7.626798158801476, 48.478953728671016 ], [ 7.626593130366855, 48.47908788640305 ], [ 7.626214124740811, 48.479093655532743 ], [ 7.625928840555778, 48.479239953236821 ], [ 7.625319411253359, 48.479245692948105 ], [ 7.625055594531234, 48.47932807079669 ], [ 7.624787110605979, 48.47905016936766 ], [ 7.624367582164947, 48.479057512377572 ], [ 7.624005342232018, 48.478792275548187 ], [ 7.623425355392182, 48.478670696978774 ], [ 7.623028046404809, 48.47877629596978 ], [ 7.62288980383531, 48.478745637211929 ], [ 7.622706337698244, 48.478509475933137 ], [ 7.621988907521485, 48.478366211838768 ], [ 7.621554293719555, 48.478356109864777 ], [ 7.621064912580898, 48.478185932780022 ], [ 7.620569093683185, 48.478250303390269 ], [ 7.620315672932808, 48.478143024421641 ], [ 7.619809568238957, 48.478090643089082 ], [ 7.619375865711935, 48.477783118652916 ], [ 7.618681453561241, 48.477747076729393 ], [ 7.618349429627393, 48.477516693337101 ], [ 7.617858421880016, 48.477481739187063 ], [ 7.616666750097489, 48.47718568603041 ], [ 7.61617811818172, 48.477177667042611 ], [ 7.615031726298012, 48.476933904823028 ], [ 7.613805807561683, 48.476864442763407 ], [ 7.613009596645745, 48.477057613880362 ], [ 7.611230211319874, 48.476396868479696 ], [ 7.610922873790869, 48.476138471727495 ], [ 7.610443811805428, 48.476085000363383 ], [ 7.610036319113529, 48.475920608482816 ], [ 7.609827485712001, 48.475703438143427 ], [ 7.609162577932837, 48.475540035145492 ], [ 7.608302447252283, 48.475005732630279 ], [ 7.605135136943107, 48.476903983152475 ], [ 7.604759884876588, 48.477260983094546 ], [ 7.604518329371217, 48.477288382108917 ], [ 7.603707468645408, 48.477932627102767 ], [ 7.599301999530884, 48.480707789091106 ], [ 7.599026871174585, 48.480970772319132 ], [ 7.598955391043573, 48.480928486626972 ], [ 7.597784399912025, 48.481640712221257 ], [ 7.594804518638522, 48.483675564050088 ], [ 7.592161637719283, 48.485381892246139 ], [ 7.592078220620056, 48.485358087063254 ], [ 7.591678298990677, 48.48558983483845 ], [ 7.591867247195703, 48.486663872002289 ], [ 7.59202594278859, 48.48692806753003 ], [ 7.592262691732373, 48.487000005815482 ], [ 7.592324597765976, 48.487087722223514 ], [ 7.592229103074036, 48.487235598127434 ], [ 7.592502377817175, 48.489117380827913 ], [ 7.592565550784506, 48.490457608375301 ], [ 7.594080863569302, 48.490732365647538 ], [ 7.594006206638531, 48.492510466877221 ], [ 7.59426685821462, 48.492545431683901 ], [ 7.593901373000756, 48.494253688781271 ], [ 7.59366852380623, 48.494226657866186 ], [ 7.593245563914286, 48.495279317453978 ], [ 7.594779385127255, 48.495454230718089 ], [ 7.593661377534432, 48.497858443562123 ], [ 7.59023931967151, 48.50321731066763 ], [ 7.590162521239409, 48.503733914205874 ], [ 7.590040105845502, 48.503729637253741 ], [ 7.59002251474602, 48.503838450857508 ], [ 7.59025855073395, 48.503901411486353 ], [ 7.589562209115055, 48.505550337773222 ], [ 7.588725167372207, 48.50714161795819 ], [ 7.588562198494969, 48.50713890692866 ], [ 7.589007266736907, 48.507265878215264 ], [ 7.587488769392166, 48.509748549859367 ], [ 7.587180414597443, 48.509634311523889 ], [ 7.585721487002487, 48.512799485517625 ], [ 7.588161752393697, 48.513408055805172 ], [ 7.589226288909314, 48.513484051091545 ], [ 7.59104212291393, 48.513621094645067 ], [ 7.591225064427995, 48.513541931177194 ], [ 7.591580542090502, 48.511716960134216 ], [ 7.59228602943569, 48.511410327146983 ], [ 7.600505078131405, 48.515895005053387 ], [ 7.601149744050902, 48.516131343387883 ], [ 7.610868757607604, 48.521458320085713 ], [ 7.611781460964081, 48.52181035055753 ], [ 7.611763118445201, 48.521910185395782 ], [ 7.611701766860172, 48.522137846480213 ], [ 7.611156270476179, 48.522104966187861 ], [ 7.611044708984343, 48.522532821307834 ], [ 7.611787908519792, 48.524657612678034 ], [ 7.613474680644472, 48.524556042110618 ], [ 7.613434151627984, 48.526098516920932 ], [ 7.613195561148335, 48.527702751038518 ], [ 7.613190915481461, 48.529036572575826 ], [ 7.612885165574807, 48.529724280976687 ], [ 7.611471231696761, 48.530923602055502 ], [ 7.610622056140459, 48.531911745714631 ], [ 7.608646897798686, 48.536448866492364 ], [ 7.606892406520321, 48.536093418753296 ], [ 7.606657593348199, 48.536354834533114 ], [ 7.606797366847354, 48.536709852451352 ], [ 7.607050158284447, 48.536961365391349 ], [ 7.608611319546307, 48.537432445642125 ], [ 7.608903812224673, 48.537826590306736 ], [ 7.607678615304401, 48.539478082159626 ], [ 7.607212501314288, 48.539424075815809 ], [ 7.606149012007211, 48.541835204265048 ], [ 7.605992846508628, 48.542219719671223 ], [ 7.605669058099479, 48.54224128585237 ], [ 7.605365302083308, 48.543262287941701 ], [ 7.60662861721557, 48.544510875092513 ], [ 7.6069083996807, 48.544914527222893 ], [ 7.606094641025282, 48.544765866053297 ], [ 7.60548010166623, 48.545339359950773 ], [ 7.60435324649303, 48.547032038394676 ], [ 7.604902946271503, 48.547109850687129 ], [ 7.604840745754247, 48.547328523362083 ], [ 7.605773110358916, 48.547436552129561 ], [ 7.605995248617141, 48.548419138194831 ], [ 7.605958326809249, 48.548925179790153 ], [ 7.606216107170535, 48.548924195746146 ], [ 7.60608322733335, 48.550190872301521 ], [ 7.604893715595538, 48.550245997011025 ], [ 7.604710846296276, 48.551253291845306 ], [ 7.604238210735851, 48.551280620959517 ], [ 7.603334828963638, 48.552892527638178 ], [ 7.601271423724025, 48.55427902980248 ], [ 7.600997044435726, 48.553010118648643 ], [ 7.600989941474267, 48.551847996224225 ], [ 7.599500989102902, 48.552203007977162 ], [ 7.598661159097219, 48.550676646289482 ], [ 7.597940198602964, 48.550812681702482 ], [ 7.59766530680424, 48.550309703479854 ], [ 7.59745664815905, 48.550561070838377 ], [ 7.596667641518825, 48.550231169202362 ], [ 7.595485597728437, 48.549907456271164 ], [ 7.593923383804257, 48.550355341381035 ], [ 7.592081674526667, 48.551021256626491 ], [ 7.591347165685243, 48.551157774878682 ], [ 7.587136006972535, 48.55173494285107 ], [ 7.586835580149905, 48.551404133930518 ], [ 7.587239569764978, 48.554001650310347 ], [ 7.587652015720336, 48.554526368871251 ], [ 7.587332077579013, 48.55459278664808 ], [ 7.587761990937364, 48.555161884002644 ], [ 7.587644176601355, 48.555211486811814 ], [ 7.588208439199413, 48.555919566574318 ], [ 7.587633370415774, 48.556482415553809 ], [ 7.58626752168088, 48.556850519894475 ], [ 7.582733624350328, 48.558347486462353 ], [ 7.579642140354054, 48.559007319643499 ], [ 7.579081357506312, 48.558803666117797 ], [ 7.579673388954759, 48.558123071818109 ], [ 7.578981357325171, 48.557194614079158 ], [ 7.577860444930722, 48.556949465870723 ], [ 7.577361835993334, 48.556680334987945 ], [ 7.576765212629596, 48.556532116067117 ], [ 7.576752102760777, 48.556847993509614 ], [ 7.574633103318011, 48.557452213513521 ], [ 7.574554122732817, 48.558257199378417 ], [ 7.572662477870527, 48.558357044166129 ], [ 7.572180348073222, 48.558898212031018 ], [ 7.571872910554288, 48.559108274668375 ], [ 7.571890749244583, 48.559468011913289 ], [ 7.571748791083686, 48.559707749151968 ], [ 7.571267622957777, 48.560104705608794 ], [ 7.570087256458668, 48.560267246740651 ], [ 7.570959722186622, 48.562486330208259 ], [ 7.572345429631357, 48.564829828451884 ], [ 7.573063340267243, 48.566676398441686 ], [ 7.57332553971031, 48.567657468179043 ], [ 7.573505777001415, 48.568632680590738 ], [ 7.573524248164248, 48.570398033016453 ], [ 7.573170882047203, 48.572258785485815 ], [ 7.573381347175142, 48.573890598107518 ], [ 7.576507415579893, 48.574391997206348 ], [ 7.578973579742492, 48.574954782630201 ], [ 7.58013294998648, 48.57532459729412 ], [ 7.580153728996406, 48.575251712368335 ], [ 7.585250392586616, 48.577010497977341 ], [ 7.590240492664861, 48.578169482799709 ], [ 7.590956697333774, 48.578439172100389 ], [ 7.589045999267606, 48.579414009115567 ], [ 7.586779561598552, 48.580204307257105 ], [ 7.583882150055713, 48.580613418751007 ], [ 7.582140783754458, 48.580887797018505 ], [ 7.579275691471568, 48.58151179896339 ], [ 7.575545469777769, 48.581871686125204 ], [ 7.57327694877404, 48.582175230515453 ], [ 7.572048820337547, 48.581952158479766 ], [ 7.5712192822783, 48.581939008020925 ], [ 7.566586059777285, 48.582378382750029 ], [ 7.564720598601518, 48.582477059436137 ], [ 7.562652555795776, 48.582277129791251 ], [ 7.5611052084251, 48.582597808802284 ], [ 7.55970148384763, 48.582696710086694 ], [ 7.559101249720012, 48.582665669108607 ], [ 7.55839328143313, 48.582800942187468 ], [ 7.558375764686541, 48.582288024971106 ], [ 7.556515467975299, 48.582134085554465 ], [ 7.555917880562551, 48.582445319433219 ], [ 7.555518866986708, 48.582541703473886 ], [ 7.554343382351839, 48.582298413381089 ], [ 7.553970155297969, 48.582691144242091 ], [ 7.552334755814375, 48.582780812104204 ], [ 7.552109105162821, 48.583465224347989 ], [ 7.55166947091859, 48.583563150247222 ], [ 7.546939871195155, 48.584302775793091 ], [ 7.545609487062843, 48.584308600537518 ], [ 7.544480854204373, 48.584135504017524 ], [ 7.544437074160242, 48.584569668436316 ], [ 7.544447714306695, 48.584848578646778 ], [ 7.544544023981861, 48.584862917547156 ], [ 7.545791921984807, 48.584689064901042 ], [ 7.545714206322439, 48.586295856806217 ], [ 7.545231588015183, 48.586368370179478 ], [ 7.544576343324388, 48.586798878627668 ], [ 7.544273032151367, 48.587215931667636 ], [ 7.543083328532449, 48.587747949566293 ], [ 7.541089316637234, 48.589184664230054 ], [ 7.540426809543924, 48.590471388610432 ], [ 7.540490420395141, 48.591360964523354 ], [ 7.540370051647941, 48.591852108936578 ], [ 7.540089077662722, 48.592214233395431 ], [ 7.540109047064933, 48.59260090686135 ], [ 7.539503451367437, 48.592822251841156 ], [ 7.539136270723606, 48.593286775866147 ], [ 7.539042271037162, 48.594551781109239 ], [ 7.537850789887933, 48.59506578277427 ], [ 7.537899378673029, 48.595469383145925 ], [ 7.537767292868562, 48.595825817671184 ], [ 7.537963546612947, 48.596052590821522 ], [ 7.538016328691189, 48.596347909715007 ], [ 7.5394682828129, 48.596643884288106 ], [ 7.543021974827066, 48.598148011602269 ], [ 7.547794157236835, 48.599758619001854 ], [ 7.551502698444225, 48.600851128021965 ], [ 7.552020590934816, 48.600714173565237 ], [ 7.553476626725964, 48.600586349899366 ], [ 7.554347074693469, 48.600598068241013 ], [ 7.557333680967532, 48.601042283769466 ], [ 7.561418728345052, 48.601930850691851 ], [ 7.561602478815725, 48.60154537377953 ], [ 7.563613763360678, 48.601864658554774 ], [ 7.564862915404849, 48.602168115637376 ], [ 7.565170851237808, 48.60180489614865 ], [ 7.565562886609375, 48.600537422636265 ], [ 7.566843017247452, 48.600884720434252 ], [ 7.5671698100273, 48.600115308777532 ], [ 7.56645400165965, 48.600007643827311 ], [ 7.567501261883031, 48.597687825966815 ], [ 7.56891160748874, 48.595327009395305 ], [ 7.569327163862296, 48.595419165062822 ], [ 7.571283575933162, 48.593091386362659 ], [ 7.570567070630442, 48.592974765347897 ], [ 7.570545890122006, 48.592732300444752 ], [ 7.573072879211414, 48.592427898546802 ], [ 7.573498817451103, 48.592483598534727 ], [ 7.575530993083001, 48.592423434606161 ], [ 7.575698153307262, 48.592471064073116 ], [ 7.576084224449419, 48.59191558347937 ], [ 7.576931333060672, 48.591351364903055 ], [ 7.576802429903259, 48.591275233407977 ], [ 7.578106451994426, 48.590810551378709 ], [ 7.577931978094389, 48.590213572407855 ], [ 7.579556386899502, 48.590151015177661 ], [ 7.580549456239575, 48.590013645669842 ], [ 7.582050002749784, 48.589622439832205 ], [ 7.581998551954982, 48.589345099149604 ], [ 7.583714537513919, 48.589242912797502 ], [ 7.583804274527299, 48.588716846860116 ], [ 7.585215825224304, 48.588860646927301 ], [ 7.585337969012396, 48.588549580430517 ], [ 7.586804297590319, 48.588853437535356 ], [ 7.587164879497164, 48.588163739969282 ], [ 7.588560376939556, 48.588434266440927 ], [ 7.58891369710118, 48.587816926567797 ], [ 7.591042364446135, 48.588239332867275 ], [ 7.590880150168226, 48.588867321479171 ], [ 7.592937389154391, 48.589094222634962 ], [ 7.593405641832113, 48.589013058912144 ], [ 7.595307029209899, 48.589011667255704 ], [ 7.598893656877271, 48.589485702535832 ], [ 7.598928307709584, 48.588952739683457 ], [ 7.604356175721186, 48.590130285200921 ], [ 7.610291390814953, 48.591513185059043 ], [ 7.610826362849848, 48.591726715876206 ], [ 7.608732178708189, 48.593087413986908 ], [ 7.615502134267049, 48.594996368824035 ], [ 7.621067172866488, 48.596176871375697 ], [ 7.620674761959554, 48.597886120995241 ], [ 7.624533038436942, 48.598195675583511 ], [ 7.627514471426367, 48.598881638343784 ], [ 7.628173289883065, 48.597882845164591 ], [ 7.628546766958058, 48.597958415139445 ], [ 7.62864633346651, 48.597855421973293 ], [ 7.629669588684782, 48.598212057256596 ], [ 7.630887164595344, 48.598615180922494 ], [ 7.62952897085835, 48.600614372907238 ], [ 7.632526613332093, 48.600713890894589 ], [ 7.631756984867139, 48.60276226187338 ], [ 7.634319900675127, 48.602860649012278 ], [ 7.634238463655509, 48.604855182590555 ], [ 7.634015347387083, 48.605864060560236 ], [ 7.633367694119339, 48.606835413029394 ], [ 7.632344851977615, 48.607866427252006 ], [ 7.633029030042793, 48.608074053941507 ], [ 7.635089502801296, 48.609399432510983 ], [ 7.638425362373924, 48.61085526055416 ], [ 7.640654950316253, 48.611939677104075 ], [ 7.642201919215436, 48.612374897717466 ], [ 7.64346132085324, 48.612478920014212 ], [ 7.644333580915238, 48.612507939417675 ], [ 7.649395820434707, 48.612283137041892 ], [ 7.6499414513235, 48.612153678858498 ], [ 7.650661491545132, 48.611846194913184 ], [ 7.652266402865194, 48.611098615182449 ], [ 7.652582571516994, 48.610833947062922 ], [ 7.653739052307107, 48.610392229734785 ], [ 7.653904028138379, 48.610719172749349 ], [ 7.654929968957141, 48.61064298183657 ], [ 7.654474141564057, 48.609948970097278 ], [ 7.659308756672378, 48.610985143223012 ], [ 7.660952242694883, 48.611434366210489 ], [ 7.661280501325172, 48.611610729102296 ], [ 7.666586078661068, 48.61243893160313 ], [ 7.666784395238802, 48.612377085696075 ], [ 7.667943610629316, 48.612728074509121 ], [ 7.668293205220858, 48.612534137248275 ], [ 7.669569762874857, 48.613285993395678 ], [ 7.670101458282421, 48.613913899776115 ], [ 7.670788453982575, 48.614454608163626 ], [ 7.67382940069365, 48.617308740746068 ], [ 7.674465620650393, 48.618040652428633 ], [ 7.67622176670008, 48.619593583218091 ], [ 7.677369600457277, 48.62042250932172 ], [ 7.679329292687213, 48.621210483187305 ], [ 7.679462202556395, 48.621025038067614 ], [ 7.67987402080086, 48.620918729604874 ], [ 7.680865119355417, 48.620906768996946 ], [ 7.681689550555792, 48.620703120150708 ], [ 7.682529679345488, 48.620219510080339 ], [ 7.683258229192561, 48.619704242479855 ], [ 7.683336948231821, 48.619520925525414 ], [ 7.684688585187897, 48.620044402197706 ], [ 7.685213157984767, 48.619528143350912 ], [ 7.685742419933956, 48.619822678836385 ], [ 7.685998666335329, 48.619497203252799 ], [ 7.689622538020628, 48.621715259702441 ], [ 7.68858441018798, 48.622567160790787 ], [ 7.689518433410981, 48.622827706108104 ], [ 7.689269585736314, 48.623387180514626 ], [ 7.6890488520689, 48.623350826328668 ], [ 7.689144889806864, 48.625482623520625 ], [ 7.690864115699248, 48.625252653638107 ], [ 7.690933901773144, 48.625727479807814 ], [ 7.690465770502045, 48.626115383330756 ], [ 7.69033530322744, 48.626327777351875 ], [ 7.690585349306332, 48.626993736223483 ], [ 7.691125643770111, 48.6278645119258 ], [ 7.692007511470894, 48.628451489146435 ], [ 7.69374680428036, 48.629049692691673 ], [ 7.692407520180201, 48.630030640185794 ], [ 7.692544841844932, 48.631863442158391 ], [ 7.693723692562862, 48.632123315116772 ], [ 7.693747878171356, 48.632392687144737 ], [ 7.694738707752367, 48.632677989105574 ], [ 7.694622594424747, 48.632898831239906 ], [ 7.695723424895088, 48.633197807195359 ], [ 7.696738314607728, 48.633599285317267 ], [ 7.697321333487464, 48.634035826326922 ], [ 7.69811920768218, 48.634896404210714 ], [ 7.699987699201387, 48.636021065869031 ], [ 7.700166592164655, 48.636347402728646 ], [ 7.700885325519507, 48.636931752166362 ], [ 7.700526985667159, 48.637180190227141 ], [ 7.701195315142122, 48.638262127177434 ], [ 7.701015426970486, 48.639134277140286 ], [ 7.701571083297354, 48.639265510534685 ], [ 7.701378276024806, 48.639993997016212 ], [ 7.701518524166558, 48.640646249293845 ], [ 7.700545900127183, 48.640414344238202 ], [ 7.700507855600075, 48.640596063989442 ], [ 7.696814403086646, 48.640498596465768 ], [ 7.696355582245393, 48.642201726808963 ], [ 7.696113003885169, 48.642679861109642 ], [ 7.693507216942001, 48.642431233171379 ], [ 7.691830270342838, 48.644047208451852 ], [ 7.689961452662222, 48.643526155864095 ], [ 7.689304850326473, 48.644543211020959 ], [ 7.689609388741872, 48.644603297767951 ], [ 7.689504213732866, 48.644643484887119 ], [ 7.686683981087392, 48.644430187077631 ], [ 7.686279374436563, 48.644770505190387 ], [ 7.685459142629668, 48.644721702067287 ], [ 7.683888276524359, 48.645855806728626 ], [ 7.68205159160709, 48.646603873806647 ], [ 7.681977529340481, 48.646687883338373 ], [ 7.682852794551474, 48.646743556893469 ], [ 7.68251843656352, 48.647261309654866 ], [ 7.681830023624654, 48.647621785361956 ], [ 7.680932028663323, 48.648071594988664 ], [ 7.679250704667326, 48.647822331355002 ], [ 7.679654712936424, 48.648689492023827 ], [ 7.678215445077889, 48.649169568990303 ], [ 7.678267228269319, 48.650203756622162 ], [ 7.676392066411055, 48.650980268648553 ], [ 7.674892772743487, 48.651246404707855 ], [ 7.674892979957193, 48.651552756903229 ], [ 7.672269059200207, 48.652169380606814 ], [ 7.669046812980733, 48.653548278159349 ], [ 7.668617152608914, 48.653610182419321 ], [ 7.668790294346358, 48.653873708054704 ], [ 7.66912819137369, 48.655067867051784 ], [ 7.670782136760253, 48.654552457250894 ], [ 7.671696901871162, 48.656417786873916 ], [ 7.670902988171366, 48.656665192177648 ], [ 7.67229666114229, 48.659322672107614 ], [ 7.670967687673399, 48.659518988807868 ], [ 7.669973626164444, 48.659810279684564 ], [ 7.670251843812387, 48.661096877937382 ], [ 7.669459457197789, 48.661362230672232 ], [ 7.67034797719969, 48.661868009150638 ], [ 7.669889089497818, 48.662516742803255 ], [ 7.671069506073101, 48.663092161524105 ], [ 7.672163706271921, 48.663463711308644 ], [ 7.671806040355537, 48.664027385442083 ], [ 7.67276310918418, 48.664386290012629 ], [ 7.673323682893525, 48.664418351748502 ], [ 7.673704126167661, 48.664565607590333 ], [ 7.673952734704897, 48.664303554869313 ], [ 7.675063050348792, 48.664854656812338 ], [ 7.675860921949014, 48.665562187310883 ], [ 7.676719140280336, 48.66587989118333 ], [ 7.676397087462943, 48.667144998821215 ], [ 7.677020648217083, 48.667120507633861 ], [ 7.68104220540359, 48.667367950079139 ], [ 7.680877167225495, 48.668410647158176 ], [ 7.6824316488326, 48.668755002986487 ], [ 7.68244854987978, 48.668943559246188 ], [ 7.683311565218937, 48.669161914151033 ], [ 7.683734507038019, 48.668568605286602 ], [ 7.686404771530035, 48.669067248525202 ], [ 7.686104667476505, 48.669664744156215 ], [ 7.686838453230648, 48.669807065150493 ], [ 7.687274916356882, 48.669213210479448 ], [ 7.687653781975216, 48.668432399339437 ], [ 7.688357362588205, 48.668693036978389 ], [ 7.687431357527274, 48.67110827647975 ], [ 7.686269243379746, 48.67089271035907 ], [ 7.685922149538288, 48.671573148023 ], [ 7.684063939890441, 48.671484065618266 ], [ 7.683889702681423, 48.671968475864233 ], [ 7.683368615958362, 48.672529600484488 ], [ 7.683442841277158, 48.672598765282878 ], [ 7.683459585867365, 48.673544208419564 ], [ 7.682605477831498, 48.673577795817607 ], [ 7.682380210035901, 48.674100250645637 ], [ 7.682527508124656, 48.675743375347004 ], [ 7.678543556723663, 48.676530682021763 ], [ 7.677795673492363, 48.676839383032089 ], [ 7.676792040220405, 48.676419267952944 ], [ 7.676462626829971, 48.676387151383473 ], [ 7.676399875961651, 48.67675003211945 ], [ 7.674974244253119, 48.676175274066374 ], [ 7.674925067803295, 48.677754025308467 ], [ 7.67472972742108, 48.677851796815588 ], [ 7.675145457887028, 48.679304172375105 ], [ 7.676199027049076, 48.679217759276675 ], [ 7.675728532802762, 48.680497685509096 ], [ 7.674682973677517, 48.680673882683905 ], [ 7.673914217296803, 48.68090228097445 ], [ 7.67290438328226, 48.682086219889989 ], [ 7.672400557708821, 48.682538481864157 ], [ 7.670142421290955, 48.683915518935727 ], [ 7.671377658032035, 48.68464196940014 ], [ 7.669063036117121, 48.685084122936431 ], [ 7.668590708980709, 48.686346056997891 ], [ 7.668976028768244, 48.686394026596062 ], [ 7.668510912079313, 48.687736768298727 ], [ 7.672553683916705, 48.688812669717755 ], [ 7.672167214788659, 48.689512610384249 ], [ 7.676522923629435, 48.690585120526592 ], [ 7.678337319426069, 48.690937365178286 ], [ 7.678155033329601, 48.691485142750395 ], [ 7.678157321685141, 48.692422125383921 ], [ 7.681512009570505, 48.692344405620688 ], [ 7.681673703282565, 48.692022689725519 ], [ 7.683332557446304, 48.692308890956213 ], [ 7.685539155921908, 48.693087118141726 ], [ 7.685127987370092, 48.693661930428348 ], [ 7.686424772754814, 48.694917426321432 ], [ 7.687396980823038, 48.694527775453516 ], [ 7.688531605405529, 48.695492288724047 ], [ 7.68847104721215, 48.695575765084527 ], [ 7.69146724452856, 48.69665619720795 ], [ 7.691308871598719, 48.696256966889003 ], [ 7.691450499917668, 48.695863944039353 ], [ 7.692582895294615, 48.694530862198256 ], [ 7.694015687377556, 48.694420355712673 ], [ 7.695628030849997, 48.695095671099395 ], [ 7.696998910272765, 48.69671756818034 ], [ 7.697985492826796, 48.697093148012627 ], [ 7.698682238358879, 48.69727291146603 ], [ 7.700562049272737, 48.69728886560447 ], [ 7.70256603262012, 48.698381141080361 ], [ 7.703006098498928, 48.698733198792929 ], [ 7.704405526147466, 48.699308681768777 ], [ 7.705040785716621, 48.699409743537494 ], [ 7.706875285182515, 48.700733905137312 ], [ 7.706841068912041, 48.700807340321589 ], [ 7.707065578173634, 48.701032742666577 ], [ 7.707364997866283, 48.701183101605082 ], [ 7.707397182778903, 48.701389070163223 ], [ 7.708829931148593, 48.7017289166686 ], [ 7.70990395629887, 48.702317198514734 ], [ 7.711505969627342, 48.702118706387047 ], [ 7.71222552411515, 48.69968445488702 ], [ 7.713313267070728, 48.69529836469777 ], [ 7.715204984107779, 48.685951627738817 ], [ 7.716873107626232, 48.686038762985824 ], [ 7.718618773014465, 48.686230930964555 ], [ 7.719052120682771, 48.686357933658144 ], [ 7.719022100229584, 48.686025729524829 ], [ 7.719672068000018, 48.686441498863132 ], [ 7.721731659527729, 48.687396098753858 ], [ 7.721984678565819, 48.687485186076792 ], [ 7.72329947741552, 48.687577228796776 ], [ 7.727814551820987, 48.68754228026939 ], [ 7.731271371863033, 48.687242834500296 ], [ 7.747237077122509, 48.686517496382919 ], [ 7.747270387801004, 48.684488731373484 ], [ 7.746623051623784, 48.679612625212307 ], [ 7.746828932632099, 48.678883549440563 ], [ 7.747180178780889, 48.678256809004658 ], [ 7.747036053279944, 48.676820811149369 ], [ 7.746537819482336, 48.675380904328073 ], [ 7.745416279211833, 48.672920568955469 ], [ 7.746250565469976, 48.67296841787978 ], [ 7.747879334359433, 48.672326788762653 ], [ 7.748770783536539, 48.672255198344544 ], [ 7.750480819920758, 48.673106108785433 ], [ 7.751857372094571, 48.673132285121056 ], [ 7.753285216515794, 48.673273540818833 ], [ 7.754587116954306, 48.673077391226343 ], [ 7.75749007102558, 48.672384744678183 ], [ 7.75987010446938, 48.671478641057 ], [ 7.761717393986161, 48.670251371364031 ], [ 7.762383551703006, 48.669350657699539 ], [ 7.764036209774758, 48.66882498198941 ], [ 7.764274194110631, 48.668301828467321 ], [ 7.764311671712798, 48.6679669188416 ], [ 7.765069279472911, 48.667323847923143 ], [ 7.768007146032011, 48.666422270622071 ], [ 7.76920450300193, 48.668212584759118 ], [ 7.769783861623107, 48.669342800366749 ], [ 7.771298627137645, 48.670138168250944 ], [ 7.773593993484039, 48.670244414967222 ], [ 7.77447677028937, 48.669929676332316 ], [ 7.777290968684063, 48.669312176449125 ], [ 7.778048851801458, 48.668524828332878 ], [ 7.779639710242677, 48.669407153195635 ], [ 7.781267577613343, 48.669801368292326 ], [ 7.786614135515488, 48.669947008388412 ], [ 7.796518377572438, 48.66935020137533 ], [ 7.810889176996811, 48.681503466886305 ], [ 7.811774119956632, 48.682098508363538 ], [ 7.812650355974101, 48.683189517379169 ], [ 7.813732615776549, 48.683857673961214 ], [ 7.817873580971499, 48.687438948076263 ], [ 7.823066280307477, 48.68457044819273 ], [ 7.826742401093774, 48.682231758538521 ], [ 7.827038468639086, 48.682048542553034 ], [ 7.827385996607726, 48.681980388286043 ], [ 7.82983772811371, 48.680385088409871 ], [ 7.831027714075049, 48.679715032384358 ], [ 7.834308729808829, 48.680906578360442 ], [ 7.835466251111328, 48.679886346362103 ], [ 7.835782801163643, 48.680071745943451 ], [ 7.837267308623462, 48.679056238798474 ], [ 7.839262757901479, 48.677974890762378 ], [ 7.8408245591284, 48.676766948856091 ], [ 7.841798253738053, 48.676114578012587 ], [ 7.842681430729422, 48.675366751687605 ], [ 7.840064218664479, 48.673995261258007 ], [ 7.841430632049188, 48.67302954469519 ], [ 7.841945865516883, 48.672422841866556 ], [ 7.842898883876087, 48.670374497590736 ], [ 7.844379219290339, 48.670638697200175 ], [ 7.845295665820637, 48.669664198374186 ], [ 7.845928942439799, 48.669890752204218 ], [ 7.84634042759814, 48.669486503985894 ], [ 7.846619241425191, 48.669412073705615 ], [ 7.847358073348722, 48.669309904057535 ], [ 7.849849408203328, 48.668739845505826 ], [ 7.849998071169367, 48.669022163491462 ], [ 7.850453083702586, 48.668940546526891 ], [ 7.850136365590469, 48.668313619489915 ], [ 7.851174199951766, 48.668208256452978 ], [ 7.851435045029975, 48.668819434518198 ], [ 7.851900907793028, 48.668268761923365 ], [ 7.852315889451692, 48.667170446800029 ], [ 7.852467483782279, 48.667191303620356 ], [ 7.852722090196238, 48.666856505188761 ], [ 7.853497576392965, 48.667149316656207 ], [ 7.853616224255901, 48.667108433102918 ], [ 7.854719053413537, 48.665946016535088 ], [ 7.854873982620767, 48.666002781143483 ], [ 7.855096251531548, 48.665759412406757 ], [ 7.856095267815473, 48.666115185448589 ], [ 7.857662714853438, 48.666438747999251 ], [ 7.858285792171008, 48.666701700517322 ], [ 7.859278167026555, 48.666985625211751 ], [ 7.859382229894856, 48.667080507270747 ], [ 7.859613624660571, 48.668251602000069 ], [ 7.858896994079283, 48.668884635753656 ], [ 7.858822991731086, 48.669112949020224 ], [ 7.859346215126505, 48.669325901308831 ], [ 7.85950302069967, 48.669256419469079 ], [ 7.860191784745552, 48.669201271310357 ], [ 7.860687530628576, 48.669703715332872 ], [ 7.860584191382881, 48.670347767348701 ], [ 7.859873315196271, 48.670457890029695 ], [ 7.860049224291635, 48.671324847664955 ], [ 7.860024698057508, 48.671938645850283 ], [ 7.860431430290872, 48.67250780589854 ], [ 7.861202030075757, 48.672746700161497 ], [ 7.861689647628562, 48.673015167334611 ], [ 7.861740253275896, 48.673851191170286 ], [ 7.864552165788951, 48.675115146225494 ], [ 7.865660219954143, 48.675178016388159 ], [ 7.866767611117036, 48.67508770382647 ], [ 7.872295512003025, 48.67512299112569 ], [ 7.87278184209151, 48.675085067627599 ], [ 7.873119212386948, 48.674909049540247 ], [ 7.873808642410035, 48.674277043167251 ], [ 7.874350773089046, 48.673524896264453 ], [ 7.874580524124003, 48.673362290368608 ], [ 7.875679627186243, 48.673037924637462 ], [ 7.876641202513178, 48.672989535564447 ], [ 7.877517112475533, 48.673043777924882 ], [ 7.878159093833027, 48.673215739689091 ], [ 7.879029566155146, 48.673648691290282 ], [ 7.880815989851726, 48.674855162738268 ], [ 7.881505383712318, 48.675097258989418 ], [ 7.882846294520712, 48.675321649547648 ], [ 7.885899312609924, 48.675665038172212 ], [ 7.886388157659845, 48.675653991437514 ], [ 7.887078772558722, 48.675472448217725 ], [ 7.88781111532026, 48.675009819339493 ], [ 7.888238951467014, 48.673910829095377 ], [ 7.887468552483621, 48.673239524523126 ], [ 7.886876297652043, 48.672290547092324 ], [ 7.886168674310816, 48.671562586998931 ], [ 7.885860749632378, 48.671034508247828 ], [ 7.888032099100315, 48.670828234000211 ], [ 7.89099788559765, 48.670823599146267 ], [ 7.891546253963895, 48.67043158223187 ], [ 7.892221108006685, 48.669646850886359 ], [ 7.893840146197375, 48.668048278555283 ], [ 7.895900089188947, 48.666945232529891 ], [ 7.891935486909682, 48.66383684440175 ], [ 7.889515911046113, 48.662260011660308 ], [ 7.887507733446751, 48.6611528917378 ], [ 7.885425886533379, 48.660129871710645 ], [ 7.88325513486488, 48.659173548724532 ], [ 7.862514004575454, 48.650884540975255 ], [ 7.848999690330981, 48.647128234411561 ], [ 7.846540403743933, 48.646273155437726 ], [ 7.84430509364695, 48.645192628169056 ], [ 7.842235424093352, 48.643843979808302 ], [ 7.841322263744444, 48.643088092997779 ], [ 7.840500636518936, 48.642292429446542 ], [ 7.839415722610896, 48.641002806901085 ], [ 7.837895459256988, 48.638388115381339 ], [ 7.836043534401864, 48.633362702064701 ], [ 7.833502928917024, 48.626031160561546 ], [ 7.83209778122504, 48.62288902518263 ], [ 7.831404543257054, 48.621565398818319 ], [ 7.829116677157324, 48.618134649095367 ], [ 7.82658868050787, 48.615191234171633 ], [ 7.804854175717535, 48.592685500503876 ], [ 7.80329587969571, 48.590657702795994 ], [ 7.802254598676183, 48.588933431501715 ], [ 7.801602341602452, 48.587598976016693 ], [ 7.800819367426598, 48.585431684855521 ], [ 7.80032264549869, 48.583126660024647 ], [ 7.800202156414918, 48.58122098791533 ], [ 7.800271943175698, 48.579316640518037 ], [ 7.800474800946623, 48.577974671594646 ], [ 7.801040151089627, 48.575698831629559 ], [ 7.803007277521332, 48.570644694481487 ], [ 7.804331548042205, 48.56628337957379 ], [ 7.805234608647223, 48.561921037087309 ], [ 7.805816953243757, 48.555841298477723 ], [ 7.80585628115137, 48.551685075061251 ], [ 7.805611859056331, 48.548874131698803 ], [ 7.805072768189069, 48.545957944083803 ], [ 7.803926677216723, 48.541750508774662 ], [ 7.803695301664755, 48.540263826281553 ], [ 7.803582888907894, 48.538150480801043 ], [ 7.803609807543633, 48.536076557764865 ], [ 7.803954957480746, 48.533773461309579 ], [ 7.804533199386367, 48.531496976818076 ], [ 7.805952480664773, 48.526852232165737 ], [ 7.806370635585574, 48.525050846037217 ], [ 7.806664635955105, 48.523227443976772 ], [ 7.806762456523638, 48.521484080570858 ], [ 7.806608924002083, 48.519219155864214 ], [ 7.806283971683358, 48.517303642423826 ], [ 7.805826848235165, 48.515573727095799 ], [ 7.804936514747124, 48.513113308029162 ], [ 7.804194991162692, 48.511683296786323 ], [ 7.803340937306184, 48.510356972573447 ], [ 7.801356936392433, 48.507652380452882 ], [ 7.800033244860611, 48.506083668990769 ], [ 7.797639021524192, 48.503783148703391 ], [ 7.796074061574807, 48.502539588425783 ], [ 7.794832350441106, 48.501715550026752 ], [ 7.791966247328869, 48.500182028527199 ], [ 7.790117474811541, 48.499391469004919 ], [ 7.788195895040541, 48.498693945176001 ], [ 7.780704970155234, 48.496256182077602 ], [ 7.778291942790672, 48.495371018755144 ], [ 7.773131303911645, 48.493199441277369 ], [ 7.771269984250399, 48.492264911517161 ], [ 7.770793932370098, 48.491950594183628 ], [ 7.770172987121389, 48.491533951384802 ], [ 7.769100209920461, 48.490621760116866 ], [ 7.768224386405842, 48.489638558002085 ], [ 7.767749703626112, 48.488891578475872 ], [ 7.767421178243045, 48.488111686960245 ], [ 7.767126354503382, 48.486807719520378 ], [ 7.767281571859128, 48.476139733375007 ], [ 7.766694003297633, 48.4641586396504 ], [ 7.766200679951337, 48.4605193548323 ], [ 7.765485464332416, 48.457718140289025 ], [ 7.764016853903091, 48.453333930681168 ], [ 7.76275827684197, 48.450365260217438 ], [ 7.761049621556226, 48.447063158063649 ], [ 7.753348939170296, 48.433988383826183 ], [ 7.750847203965257, 48.434629455318607 ], [ 7.748752204689782, 48.435425415856507 ], [ 7.745692899478579, 48.436791696891532 ], [ 7.740040953633238, 48.438847419894564 ] ] ] ] } }
]
}
