{
  "type": "FeatureCollection",
  "name": "Resultats_RF_ahp",
  "crs": {
    "type": "name",
    "properties": {
      "name": "urn:ogc:def:crs:OGC:1.3:CRS84"
    }
  },
  "features": [
    {
      "type": "Feature",
      "properties": {
        "fid": 0,
        "acess_TC": "Plus de 10 minutes",
        "articu_piste_cyclable": "Acces direct",
        "acess_restauration": "Moins de 5 minutes",
        "acess_echangeur": "Moins de 10 minutes",
        "proximite_res_elect": "Plus de 400 m",
        "articu_zae_existante": "Moins de 400 m",
        "enjeux_forestier": "Oui",
        "expo_risq_inondation": "Oui",
        "expo_risque_mvt_terrain": "Oui",
        "pres_zone_hum_res_biodiv": "Oui",
        "pente_moy_terrain": "Pente Faible (< 10 %)",
        "posi_armature_urbaine": "Coeur métropolitain",
        "maitrise_fonciere": "Privé",
        "proximite_aep": "Moins de 400 m",
        "proximite_res_chauffage_urb": "Moins de 400 m",
        "std_acess_TC": 0.5,
        "std_articu_piste_cyclable": 1.0,
        "std_acess_restauration": 1.0,
        "std_acess_echangeur": 1.0,
        "std_posi_armature_urbaine": 1.0,
        "std_proximite_res_elect": 0.5,
        "std_articu_zae_existante": 1.0,
        "std_proximite_aep": 1.0,
        "std_proximite_res_chauffage_urb": 1.0,
        "std_enjeux_forestier": 0.25,
        "std_expo_risq_inondation": 0.25,
        "std_expo_risque_mvt_terrain": 0.25,
        "std_pres_zone_hum_res_biodiv": 0.25,
        "std_pente_moy_terrain": 1.0,
        "std_maitrise_fonciere": 0.5,
        "mf_attractivite_geog": 0.9150893977825514,
        "mf_aptitude_aux_rese": 0.8055365686944634,
        "mf_enjeux_forestiers": 0.25,
        "mf_aptitude_physique": 0.625,
        "score_final": 0.4607540168073236,
        "classe_apt": "Potentiel de mobilisation modéré",
        "rang": 22,
        "ID": 1,
        "commune": "Lingolsheim",
        "epci": "Eurométropole de Strasbourg",
        "superficie_ha": 0.66
      },
      "geometry": {
        "type": "MultiPolygon",
        "coordinates": [
          [
            [
              [
                7.689106023084603,
                48.56665626674784
              ],
              [
                7.689125759199333,
                48.56661145146674
              ],
              [
                7.689125787769423,
                48.56661138831469
              ],
              [
                7.689361224362171,
                48.56610448826681
              ],
              [
                7.689359541949175,
                48.566102157103174
              ],
              [
                7.688634114121589,
                48.565910764490646
              ],
              [
                7.688630473600869,
                48.565911865607575
              ],
              [
                7.688460124060872,
                48.56623431387388
              ],
              [
                7.688460119364163,
                48.5662343227344
              ],
              [
                7.688428433472797,
                48.566293900541
              ],
              [
                7.688396884439532,
                48.56635322477752
              ],
              [
                7.688333587380925,
                48.5664722238871
              ],
              [
                7.688205394340099,
                48.566713237222466
              ],
              [
                7.688205352878713,
                48.56671332028749
              ],
              [
                7.688149828997871,
                48.566832262591404
              ],
              [
                7.688151471020094,
                48.56683459364179
              ],
              [
                7.688167063496043,
                48.566838916627226
              ],
              [
                7.68823239084823,
                48.56685701722779
              ],
              [
                7.688929373646268,
                48.567050097039086
              ],
              [
                7.688933020051482,
                48.56704894159699
              ],
              [
                7.688971426715672,
                48.56696178309784
              ],
              [
                7.689049284769873,
                48.56678503769105
              ],
              [
                7.689086642189787,
                48.56670025118739
              ],
              [
                7.689106023084603,
                48.56665626674784
              ]
            ]
          ]
        ]
      }
    },
    {
      "type": "Feature",
      "properties": {
        "fid": 1,
        "acess_TC": "Plus de 10 minutes",
        "articu_piste_cyclable": "Acces indirect",
        "acess_restauration": "Entre 5 et 10 minutes",
        "acess_echangeur": "Plus de 20 minutes",
        "proximite_res_elect": "Moins de 400 m",
        "articu_zae_existante": "Moins de 400 m",
        "enjeux_forestier": "Non",
        "expo_risq_inondation": "Non",
        "expo_risque_mvt_terrain": "Oui",
        "pres_zone_hum_res_biodiv": "Non",
        "pente_moy_terrain": "Faible (< 10 %)",
        "posi_armature_urbaine": "Les Polarités",
        "maitrise_fonciere": "Privé",
        "proximite_aep": "Plus de 400 m",
        "proximite_res_chauffage_urb": "Plus de 400 m",
        "std_acess_TC": 0.5,
        "std_articu_piste_cyclable": 0.75,
        "std_acess_restauration": 0.75,
        "std_acess_echangeur": 0.5,
        "std_posi_armature_urbaine": 0.75,
        "std_proximite_res_elect": 0.75,
        "std_articu_zae_existante": 1.0,
        "std_proximite_aep": 0.5,
        "std_proximite_res_chauffage_urb": 0.5,
        "std_enjeux_forestier": 1.0,
        "std_expo_risq_inondation": 1.0,
        "std_expo_risque_mvt_terrain": 0.25,
        "std_pres_zone_hum_res_biodiv": 1.0,
        "std_pente_moy_terrain": 1.0,
        "std_maitrise_fonciere": 0.5,
        "mf_attractivite_geog": 0.62044807341088,
        "mf_aptitude_aux_rese": 0.6739576213260423,
        "mf_enjeux_forestiers": 0.7703125,
        "mf_aptitude_physique": 0.625,
        "score_final": 0.7102982749093403,
        "classe_apt": "Potentiel de mobilisation élevé",
        "rang": 4,
        "ID": 2,
        "commune": "Semersheim",
        "epci": "CdC du Canton d'Erstein",
        "superficie_ha": 1.87
      },
      "geometry": {
        "type": "MultiPolygon",
        "coordinates": [
          [
            [
              [
                7.544485094789242,
                48.345447207595505
              ],
              [
                7.544488878349535,
                48.3454474456307
              ],
              [
                7.544876576100021,
                48.34526346629999
              ],
              [
                7.545516166411796,
                48.344959947516685
              ],
              [
                7.545516235693595,
                48.34495991507314
              ],
              [
                7.545527077600016,
                48.34495490539996
              ],
              [
                7.545687058100053,
                48.34488098340002
              ],
              [
                7.545758072300047,
                48.344848169799995
              ],
              [
                7.545761694819614,
                48.344846495921914
              ],
              [
                7.545762559080392,
                48.34484398558597
              ],
              [
                7.545034014,
                48.34398275997248
              ],
              [
                7.545033960200911,
                48.34398269513202
              ],
              [
                7.544835645001741,
                48.343738959625746
              ],
              [
                7.544831721504901,
                48.343738352593554
              ],
              [
                7.544810597517422,
                48.343748357491755
              ],
              [
                7.544252107600053,
                48.34401286580002
              ],
              [
                7.543980796201254,
                48.34414136054717
              ],
              [
                7.543204087285717,
                48.34450961369474
              ],
              [
                7.54316765150517,
                48.34452715184
              ],
              [
                7.543167285490433,
                48.34452983038724
              ],
              [
                7.543199936700011,
                48.34455256079999
              ],
              [
                7.544484983900011,
                48.345447130400004
              ],
              [
                7.544485094789242,
                48.345447207595505
              ]
            ]
          ]
        ]
      }
    },
    {
      "type": "Feature",
      "properties": {
        "fid": 2,
        "acess_TC": "Plus de 10 minutes",
        "articu_piste_cyclable": "Acces indirect",
        "acess_restauration": "Entre 5 et 10 minutes",
        "acess_echangeur": "Plus de 20 minutes",
        "proximite_res_elect": "Plus de 400 m",
        "articu_zae_existante": "Moins de 400 m",
        "enjeux_forestier": "Oui",
        "expo_risq_inondation": "Non",
        "expo_risque_mvt_terrain": "Oui",
        "pres_zone_hum_res_biodiv": "Oui",
        "pente_moy_terrain": "Faible (< 10 %)",
        "posi_armature_urbaine": "Les Polarités",
        "maitrise_fonciere": "Mixte",
        "proximite_aep": "Plus de 400 m",
        "proximite_res_chauffage_urb": "Plus de 400 m",
        "std_acess_TC": 0.5,
        "std_articu_piste_cyclable": 0.75,
        "std_acess_restauration": 0.75,
        "std_acess_echangeur": 0.5,
        "std_posi_armature_urbaine": 0.75,
        "std_proximite_res_elect": 0.5,
        "std_articu_zae_existante": 1.0,
        "std_proximite_aep": 0.5,
        "std_proximite_res_chauffage_urb": 0.5,
        "std_enjeux_forestier": 0.25,
        "std_expo_risq_inondation": 1.0,
        "std_expo_risque_mvt_terrain": 0.25,
        "std_pres_zone_hum_res_biodiv": 0.25,
        "std_pente_moy_terrain": 1.0,
        "std_maitrise_fonciere": 0.75,
        "mf_attractivite_geog": 0.62044807341088,
        "mf_aptitude_aux_rese": 0.5767259056732741,
        "mf_enjeux_forestiers": 0.4796875,
        "mf_aptitude_physique": 0.8125,
        "score_final": 0.5830590941895453,
        "classe_apt": "Potentiel de mobilisation modéré",
        "rang": 11,
        "ID": 3,
        "commune": "Huttenheim",
        "epci": "CdC du Canton d'Erstein",
        "superficie_ha": 2.67
      },
      "geometry": {
        "type": "MultiPolygon",
        "coordinates": [
          [
            [
              [
                7.561076194975787,
                48.357333480312676
              ],
              [
                7.561113281237112,
                48.35735949854104
              ],
              [
                7.561730575524077,
                48.35779256181233
              ],
              [
                7.561730631461913,
                48.357792601534
              ],
              [
                7.562128559584233,
                48.35807862066001
              ],
              [
                7.562643101325947,
                48.35844845157317
              ],
              [
                7.562643126366077,
                48.35844846937609
              ],
              [
                7.563073442901739,
                48.358751104486004
              ],
              [
                7.563117590312891,
                48.35878211885154
              ],
              [
                7.563121630427546,
                48.35878191817466
              ],
              [
                7.563133558774113,
                48.35877055047103
              ],
              [
                7.563133620485096,
                48.358770489565345
              ],
              [
                7.563194479892249,
                48.35870825553187
              ],
              [
                7.563392007437926,
                48.35850635844585
              ],
              [
                7.563550372325373,
                48.35834455919147
              ],
              [
                7.563550483048921,
                48.35834443785863
              ],
              [
                7.563581466182487,
                48.358307937566444
              ],
              [
                7.563795535444089,
                48.35805573486506
              ],
              [
                7.563988678808747,
                48.357828489253066
              ],
              [
                7.56398879650538,
                48.3578283561572
              ],
              [
                7.564119171174851,
                48.35768654765907
              ],
              [
                7.564119454582332,
                48.35768616013325
              ],
              [
                7.564280192592215,
                48.35739921701047
              ],
              [
                7.564279733814084,
                48.35739720008901
              ],
              [
                7.563810492599171,
                48.35699275266929
              ],
              [
                7.563569313676859,
                48.3567848730411
              ],
              [
                7.563565571998107,
                48.3567843803347
              ],
              [
                7.563446914350065,
                48.356829918280944
              ],
              [
                7.563446904941972,
                48.356829921884845
              ],
              [
                7.563320814992524,
                48.356878132218256
              ],
              [
                7.563116852853397,
                48.35695631714476
              ],
              [
                7.56301323239342,
                48.35699597075197
              ],
              [
                7.562810197899578,
                48.35707376286379
              ],
              [
                7.562800641185273,
                48.35707165251702
              ],
              [
                7.562665535638587,
                48.35686399118239
              ],
              [
                7.562661636399502,
                48.35686325828396
              ],
              [
                7.562449340306989,
                48.35696254556514
              ],
              [
                7.562449333902435,
                48.356962548556744
              ],
              [
                7.562400336426918,
                48.35698540731229
              ],
              [
                7.562300808339014,
                48.35703183995187
              ],
              [
                7.562274606775639,
                48.35704406156163
              ],
              [
                7.562149952979859,
                48.35710230659952
              ],
              [
                7.562041896523957,
                48.35715285605069
              ],
              [
                7.562040533850117,
                48.35715334857227
              ],
              [
                7.561997309637334,
                48.357164916220746
              ],
              [
                7.561667623796715,
                48.357253636253255
              ],
              [
                7.561511476232068,
                48.3572956296414
              ],
              [
                7.56150261719788,
                48.357293013812
              ],
              [
                7.561492581802899,
                48.35727486872789
              ],
              [
                7.561466918010876,
                48.35722846574257
              ],
              [
                7.561463277633688,
                48.357227394788865
              ],
              [
                7.561100221228005,
                48.35732579954406
              ],
              [
                7.561099804032345,
                48.35732590208425
              ],
              [
                7.561077160920357,
                48.357330909203974
              ],
              [
                7.561076194975787,
                48.357333480312676
              ]
            ]
          ]
        ]
      }
    },
    {
      "type": "Feature",
      "properties": {
        "fid": 3,
        "acess_TC": "Moins de 5 minutes",
        "articu_piste_cyclable": "Acces direct",
        "acess_restauration": "Moins de 5 minutes",
        "acess_echangeur": "Plus de 20 minutes",
        "proximite_res_elect": "Moins de 400 m",
        "articu_zae_existante": "Moins de 400 m",
        "enjeux_forestier": "Non",
        "expo_risq_inondation": "Non",
        "expo_risque_mvt_terrain": "Oui",
        "pres_zone_hum_res_biodiv": "Oui",
        "pente_moy_terrain": "Faible (< 10 %)",
        "posi_armature_urbaine": "Les Polarités",
        "maitrise_fonciere": "Mixte",
        "proximite_aep": "Moins de 400 m",
        "proximite_res_chauffage_urb": "Plus de 400 m",
        "std_acess_TC": 1.0,
        "std_articu_piste_cyclable": 1.0,
        "std_acess_restauration": 1.0,
        "std_acess_echangeur": 0.5,
        "std_posi_armature_urbaine": 0.75,
        "std_proximite_res_elect": 0.75,
        "std_articu_zae_existante": 1.0,
        "std_proximite_aep": 1.0,
        "std_proximite_res_chauffage_urb": 0.5,
        "std_enjeux_forestier": 1.0,
        "std_expo_risq_inondation": 1.0,
        "std_expo_risque_mvt_terrain": 0.25,
        "std_pres_zone_hum_res_biodiv": 0.25,
        "std_pente_moy_terrain": 1.0,
        "std_maitrise_fonciere": 0.75,
        "mf_attractivite_geog": 0.7387101235588129,
        "mf_aptitude_aux_rese": 0.868421052631579,
        "mf_enjeux_forestiers": 0.5875,
        "mf_aptitude_physique": 0.8125,
        "score_final": 0.678761755290356,
        "classe_apt": "Potentiel de mobilisation élevé",
        "rang": 5,
        "ID": 4,
        "commune": "Boofzheim",
        "epci": "CdC du Canton d'Erstein",
        "superficie_ha": 3.69
      },
      "geometry": {
        "type": "MultiPolygon",
        "coordinates": [
          [
            [
              [
                7.692856717264386,
                48.32758586749249
              ],
              [
                7.693213203779553,
                48.32740935740087
              ],
              [
                7.693213490319712,
                48.327409198401305
              ],
              [
                7.693636472954673,
                48.32714676884137
              ],
              [
                7.693636615153997,
                48.32714413529568
              ],
              [
                7.692944781622219,
                48.326648366431904
              ],
              [
                7.692941281023239,
                48.32664792211515
              ],
              [
                7.688419028179982,
                48.32808665358629
              ],
              [
                7.68841748230725,
                48.328087685108926
              ],
              [
                7.687768121050489,
                48.32899689083762
              ],
              [
                7.687767829643159,
                48.32899753264692
              ],
              [
                7.687738411235833,
                48.32913328835726
              ],
              [
                7.68773906379952,
                48.32913492398883
              ],
              [
                7.687763680107678,
                48.32915591997682
              ],
              [
                7.687767471953832,
                48.329156363899735
              ],
              [
                7.687968788426176,
                48.32907226403314
              ],
              [
                7.687969386801249,
                48.32907204144161
              ],
              [
                7.688426679132202,
                48.32892170077741
              ],
              [
                7.688426727376515,
                48.328921685075144
              ],
              [
                7.689434036500295,
                48.32859712897334
              ],
              [
                7.689434044211671,
                48.32859712649271
              ],
              [
                7.6912158251368,
                48.32802486266714
              ],
              [
                7.691216239569556,
                48.32802474081126
              ],
              [
                7.691723988244924,
                48.327888831581895
              ],
              [
                7.692639120785142,
                48.32764333752273
              ],
              [
                7.692639157526608,
                48.32764332774962
              ],
              [
                7.692855950321334,
                48.32758615199263
              ],
              [
                7.692856717264386,
                48.32758586749249
              ]
            ]
          ]
        ]
      }
    },
    {
      "type": "Feature",
      "properties": {
        "fid": 4,
        "acess_TC": "Entre 5 et 10 minutes",
        "articu_piste_cyclable": "Acces indirect",
        "acess_restauration": "Moins de 5 minutes",
        "acess_echangeur": "Moins de 10 minutes",
        "proximite_res_elect": "Plus de 400 m",
        "articu_zae_existante": "Moins de 400 m",
        "enjeux_forestier": "Non",
        "expo_risq_inondation": "Non",
        "expo_risque_mvt_terrain": "Oui",
        "pres_zone_hum_res_biodiv": "Oui",
        "pente_moy_terrain": "Faible (< 10 %)",
        "posi_armature_urbaine": "Village",
        "maitrise_fonciere": "Public",
        "proximite_aep": "Moins de 400 m",
        "proximite_res_chauffage_urb": "Plus de 400 m",
        "std_acess_TC": 0.75,
        "std_articu_piste_cyclable": 0.75,
        "std_acess_restauration": 1.0,
        "std_acess_echangeur": 1.0,
        "std_posi_armature_urbaine": 0.5,
        "std_proximite_res_elect": 0.5,
        "std_articu_zae_existante": 1.0,
        "std_proximite_aep": 1.0,
        "std_proximite_res_chauffage_urb": 0.5,
        "std_enjeux_forestier": 1.0,
        "std_expo_risq_inondation": 1.0,
        "std_expo_risque_mvt_terrain": 0.25,
        "std_pres_zone_hum_res_biodiv": 0.25,
        "std_pente_moy_terrain": 1.0,
        "std_maitrise_fonciere": 1.0,
        "mf_attractivite_geog": 0.762438876444093,
        "mf_aptitude_aux_rese": 0.7711893369788106,
        "mf_enjeux_forestiers": 0.5875,
        "mf_aptitude_physique": 1.0,
        "score_final": 0.7198656585946299,
        "classe_apt": "Potentiel de mobilisation élevé",
        "rang": 2,
        "ID": 5,
        "commune": "Wilwisheim",
        "epci": "CdC du Pays de la Zorn",
        "superficie_ha": 1.05
      },
      "geometry": {
        "type": "MultiPolygon",
        "coordinates": [
          [
            [
              [
                7.5185244,
                48.7484397
              ],
              [
                7.5185244,
                48.7484397
              ],
              [
                7.5177572,
                48.7482815
              ],
              [
                7.517632432619048,
                48.74825580691518
              ],
              [
                7.5178423,
                48.747811
              ],
              [
                7.5178567,
                48.74778060000002
              ],
              [
                7.517821,
                48.7477356
              ],
              [
                7.5168728,
                48.7475399
              ],
              [
                7.5164684,
                48.7483984
              ],
              [
                7.5176445,
                48.748641
              ],
              [
                7.5183598,
                48.7487886
              ],
              [
                7.5185244,
                48.7484397
              ]
            ]
          ]
        ]
      }
    },
    {
      "type": "Feature",
      "properties": {
        "fid": 5,
        "acess_TC": "Plus de 10 minutes",
        "articu_piste_cyclable": "Acces indirect",
        "acess_restauration": "Moins de 5 minutes",
        "acess_echangeur": "Plus de 20 minutes",
        "proximite_res_elect": "Plus de 400 m",
        "articu_zae_existante": "Moins de 400 m",
        "enjeux_forestier": "Non",
        "expo_risq_inondation": "Non",
        "expo_risque_mvt_terrain": "Oui",
        "pres_zone_hum_res_biodiv": "Non",
        "pente_moy_terrain": "Faible (< 10 %)",
        "posi_armature_urbaine": "Les Polarités",
        "maitrise_fonciere": "Privé",
        "proximite_aep": "Moins de 400 m",
        "proximite_res_chauffage_urb": "Plus de 400 m",
        "std_acess_TC": 0.5,
        "std_articu_piste_cyclable": 0.75,
        "std_acess_restauration": 1.0,
        "std_acess_echangeur": 0.5,
        "std_posi_armature_urbaine": 0.75,
        "std_proximite_res_elect": 0.5,
        "std_articu_zae_existante": 1.0,
        "std_proximite_aep": 1.0,
        "std_proximite_res_chauffage_urb": 0.5,
        "std_enjeux_forestier": 1.0,
        "std_expo_risq_inondation": 1.0,
        "std_expo_risque_mvt_terrain": 0.25,
        "std_pres_zone_hum_res_biodiv": 1.0,
        "std_pente_moy_terrain": 1.0,
        "std_maitrise_fonciere": 0.5,
        "mf_attractivite_geog": 0.6328869498549732,
        "mf_aptitude_aux_rese": 0.7711893369788106,
        "mf_enjeux_forestiers": 0.7703125,
        "mf_aptitude_physique": 0.625,
        "score_final": 0.718303396383239,
        "classe_apt": "Potentiel de mobilisation élevé",
        "rang": 3,
        "ID": 6,
        "commune": "Benfeld",
        "epci": "CdC du Canton d'Erstein",
        "superficie_ha": 5.47
      },
      "geometry": {
        "type": "MultiPolygon",
        "coordinates": [
          [
            [
              [
                7.601439353218101,
                48.37818488589969
              ],
              [
                7.600047261009732,
                48.376967877099666
              ],
              [
                7.600046946913413,
                48.3769676393383
              ],
              [
                7.599479889945932,
                48.37659501124134
              ],
              [
                7.599479856234764,
                48.37659498893214
              ],
              [
                7.598657569316883,
                48.37604696885822
              ],
              [
                7.598657558330091,
                48.37604696151897
              ],
              [
                7.598355349349615,
                48.37584461706758
              ],
              [
                7.598351588852443,
                48.375844400349834
              ],
              [
                7.598281331906034,
                48.375877486192266
              ],
              [
                7.59807009251226,
                48.37597707324891
              ],
              [
                7.597937580713126,
                48.37603953616515
              ],
              [
                7.597669691630669,
                48.37616574469068
              ],
              [
                7.597601483553618,
                48.37619786292393
              ],
              [
                7.597477022524944,
                48.376256498005695
              ],
              [
                7.59739660628164,
                48.37629440683676
              ],
              [
                7.597278505258249,
                48.376350001798855
              ],
              [
                7.597124286714529,
                48.376422589028195
              ],
              [
                7.596938631508094,
                48.37651000462472
              ],
              [
                7.59682237062662,
                48.37656489209072
              ],
              [
                7.59682234947464,
                48.37656490203615
              ],
              [
                7.596641131439875,
                48.376649762232205
              ],
              [
                7.59664083996012,
                48.376652455171424
              ],
              [
                7.597452848770283,
                48.37716315750452
              ],
              [
                7.597453066392225,
                48.37716330072106
              ],
              [
                7.598149162406198,
                48.37764262891302
              ],
              [
                7.598149399135025,
                48.3776428006094
              ],
              [
                7.598591150887116,
                48.377980349063
              ],
              [
                7.598591288309912,
                48.37798045747416
              ],
              [
                7.598981234368213,
                48.37829810966343
              ],
              [
                7.598981368338312,
                48.37829822242639
              ],
              [
                7.599378070582693,
                48.37864332002259
              ],
              [
                7.599378095658407,
                48.37864334197528
              ],
              [
                7.599850776328041,
                48.37905979254345
              ],
              [
                7.599854655688016,
                48.379060195709066
              ],
              [
                7.600036797706175,
                48.37897468888348
              ],
              [
                7.60015774077846,
                48.37891744513024
              ],
              [
                7.600311941048328,
                48.37884458454511
              ],
              [
                7.600432103174977,
                48.37878782698643
              ],
              [
                7.600543686312026,
                48.37873500534248
              ],
              [
                7.600654610515653,
                48.378682483108655
              ],
              [
                7.600654622566769,
                48.37868247741568
              ],
              [
                7.600767768098065,
                48.37862915101097
              ],
              [
                7.600839859529017,
                48.37859498648357
              ],
              [
                7.600839868391225,
                48.37859498229087
              ],
              [
                7.60099185056392,
                48.37852320198559
              ],
              [
                7.601102218278921,
                48.37847089510718
              ],
              [
                7.601102301786862,
                48.37847085422966
              ],
              [
                7.601220663900785,
                48.37841103026919
              ],
              [
                7.601372625819158,
                48.378334289713095
              ],
              [
                7.60152105418693,
                48.37825926843844
              ],
              [
                7.601521585945482,
                48.37825665552553
              ],
              [
                7.601443182049683,
                48.37818826625704
              ],
              [
                7.601443158203245,
                48.37818824533008
              ],
              [
                7.601439362955572,
                48.37818489445449
              ],
              [
                7.601439353218101,
                48.37818488589969
              ]
            ]
          ]
        ]
      }
    },
    {
      "type": "Feature",
      "properties": {
        "fid": 9,
        "acess_TC": "Plus de 10 minutes",
        "articu_piste_cyclable": "Acces direct",
        "acess_restauration": "Moins de 5 minutes",
        "acess_echangeur": "Entre 10 et 20 minutes",
        "proximite_res_elect": "Moins de 400 m",
        "articu_zae_existante": "Moins de 400 m",
        "enjeux_forestier": "Non",
        "expo_risq_inondation": "Non",
        "expo_risque_mvt_terrain": "Oui",
        "pres_zone_hum_res_biodiv": "Non",
        "pente_moy_terrain": "Faible (< 10 %)",
        "posi_armature_urbaine": "Les Polarités",
        "maitrise_fonciere": "Privé",
        "proximite_aep": "Moins de 400 m",
        "proximite_res_chauffage_urb": "Plus de 400 m",
        "std_acess_TC": 0.5,
        "std_articu_piste_cyclable": 1.0,
        "std_acess_restauration": 1.0,
        "std_acess_echangeur": 0.75,
        "std_posi_armature_urbaine": 0.75,
        "std_proximite_res_elect": 0.75,
        "std_articu_zae_existante": 1.0,
        "std_proximite_aep": 1.0,
        "std_proximite_res_chauffage_urb": 0.5,
        "std_enjeux_forestier": 1.0,
        "std_expo_risq_inondation": 1.0,
        "std_expo_risque_mvt_terrain": 0.25,
        "std_pres_zone_hum_res_biodiv": 1.0,
        "std_pente_moy_terrain": 1.0,
        "std_maitrise_fonciere": 0.5,
        "mf_attractivite_geog": 0.7408961468217601,
        "mf_aptitude_aux_rese": 0.868421052631579,
        "mf_enjeux_forestiers": 0.7703125,
        "mf_aptitude_physique": 0.625,
        "score_final": 0.7385457078428965,
        "classe_apt": "Potentiel de mobilisation élevé",
        "rang": 1,
        "ID": 7,
        "commune": "Wiwersheim",
        "epci": "CdC de Kochersberg",
        "superficie_ha": 9.22
      },
      "geometry": {
        "type": "MultiPolygon",
        "coordinates": [
          [
            [
              [
                7.604913554963788,
                48.64459642833359
              ],
              [
                7.604883386421322,
                48.64446237904603
              ],
              [
                7.604883359135922,
                48.64446224376819
              ],
              [
                7.604879800804625,
                48.64444230214129
              ],
              [
                7.604879789445205,
                48.64444224481162
              ],
              [
                7.604867963066468,
                48.644387973771515
              ],
              [
                7.604836532307464,
                48.64424606552655
              ],
              [
                7.604815337182766,
                48.644149788603045
              ],
              [
                7.604735781500253,
                48.64378790758596
              ],
              [
                7.604690793734996,
                48.64358653094752
              ],
              [
                7.604687692010038,
                48.6435849285736
              ],
              [
                7.604636145553064,
                48.64358833885826
              ],
              [
                7.604635995109159,
                48.64358834769228
              ],
              [
                7.602922186053496,
                48.643676244801235
              ],
              [
                7.602922067391997,
                48.6436762501935
              ],
              [
                7.602881009430858,
                48.643677876548445
              ],
              [
                7.602880884210715,
                48.64367788305191
              ],
              [
                7.602851794432666,
                48.643679753439706
              ],
              [
                7.602851709539552,
                48.64367975854165
              ],
              [
                7.602807581123065,
                48.6436822255308
              ],
              [
                7.602807461407902,
                48.64368223364262
              ],
              [
                7.602787459055567,
                48.64368382697019
              ],
              [
                7.602787089874015,
                48.64368384961849
              ],
              [
                7.602736110080697,
                48.64368604837119
              ],
              [
                7.60273606393756,
                48.643686050570764
              ],
              [
                7.602693213196019,
                48.643688287874625
              ],
              [
                7.602632489777329,
                48.64369168162103
              ],
              [
                7.602632162345289,
                48.64369169464882
              ],
              [
                7.602570030156189,
                48.64369316927151
              ],
              [
                7.602563124284564,
                48.64368952958447
              ],
              [
                7.602555798936113,
                48.64366445630957
              ],
              [
                7.602555750486525,
                48.64366426945078
              ],
              [
                7.60254719495487,
                48.64362652145968
              ],
              [
                7.60254718744341,
                48.643626489850995
              ],
              [
                7.602534395181832,
                48.64357504387867
              ],
              [
                7.602534388896578,
                48.64357501944195
              ],
              [
                7.602470399952756,
                48.64333425268717
              ],
              [
                7.602470392256635,
                48.643334223153644
              ],
              [
                7.602448963742242,
                48.643250325956295
              ],
              [
                7.602437839978013,
                48.64320817386315
              ],
              [
                7.602437786438253,
                48.6432079326047
              ],
              [
                7.602423129683284,
                48.643126630367746
              ],
              [
                7.602423109042565,
                48.643126499692656
              ],
              [
                7.602418269948422,
                48.64309084010615
              ],
              [
                7.602418219494799,
                48.64309060657122
              ],
              [
                7.60228442220327,
                48.642641018374
              ],
              [
                7.602280865370703,
                48.6426404297982
              ],
              [
                7.601908504338814,
                48.64294302127734
              ],
              [
                7.601907282081624,
                48.642943794050865
              ],
              [
                7.601750757601667,
                48.64302055906875
              ],
              [
                7.601750647160459,
                48.643020612102916
              ],
              [
                7.601106197257395,
                48.64332357748026
              ],
              [
                7.601106188392826,
                48.64332358164051
              ],
              [
                7.60075481186604,
                48.64348820632287
              ],
              [
                7.600754795562523,
                48.643488213937445
              ],
              [
                7.600029577524869,
                48.64382586781452
              ],
              [
                7.600028302115381,
                48.643827904485015
              ],
              [
                7.600549477854897,
                48.64582037552438
              ],
              [
                7.600552295643981,
                48.6458220042152
              ],
              [
                7.601368673674478,
                48.64584114987769
              ],
              [
                7.60136868797811,
                48.64584115022309
              ],
              [
                7.603048886164656,
                48.64588288767278
              ],
              [
                7.603049084032757,
                48.64588288876019
              ],
              [
                7.603242350257424,
                48.64588021513193
              ],
              [
                7.603356507949336,
                48.645878635736764
              ],
              [
                7.603356550358513,
                48.645878635237864
              ],
              [
                7.603374475604921,
                48.64587846148641
              ],
              [
                7.603374713526483,
                48.64587845363733
              ],
              [
                7.603460585661123,
                48.645873613089705
              ],
              [
                7.603460658027657,
                48.64587360926863
              ],
              [
                7.60512581210898,
                48.64579161111036
              ],
              [
                7.60512805752892,
                48.64579085216568
              ],
              [
                7.60517523695378,
                48.645753858636745
              ],
              [
                7.605175964770682,
                48.6457521546139
              ],
              [
                7.605088677128053,
                48.64536947424424
              ],
              [
                7.604995268592092,
                48.644959583862835
              ],
              [
                7.604995266716725,
                48.64495957558116
              ],
              [
                7.604913554963788,
                48.64459642833359
              ]
            ]
          ]
        ]
      }
    },
    {
      "type": "Feature",
      "properties": {
        "fid": 10,
        "acess_TC": "Entre 5 et 10 minutes",
        "articu_piste_cyclable": "Acces direct",
        "acess_restauration": "Moins de 5 minutes",
        "acess_echangeur": "Moins de 10 minutes",
        "proximite_res_elect": "Moins de 400 m",
        "articu_zae_existante": "Moins de 400 m",
        "enjeux_forestier": "Non",
        "expo_risq_inondation": "Oui",
        "expo_risque_mvt_terrain": "Oui",
        "pres_zone_hum_res_biodiv": "Non",
        "pente_moy_terrain": "Faible (< 10 %)",
        "posi_armature_urbaine": "Coeur métropolitain",
        "maitrise_fonciere": "Privé",
        "proximite_aep": "Moins de 400 m",
        "proximite_res_chauffage_urb": "Moins de 400 m",
        "std_acess_TC": 0.75,
        "std_articu_piste_cyclable": 1.0,
        "std_acess_restauration": 1.0,
        "std_acess_echangeur": 1.0,
        "std_posi_armature_urbaine": 1.0,
        "std_proximite_res_elect": 0.75,
        "std_articu_zae_existante": 1.0,
        "std_proximite_aep": 1.0,
        "std_proximite_res_chauffage_urb": 1.0,
        "std_enjeux_forestier": 1.0,
        "std_expo_risq_inondation": 0.25,
        "std_expo_risque_mvt_terrain": 0.25,
        "std_pres_zone_hum_res_biodiv": 1.0,
        "std_pente_moy_terrain": 1.0,
        "std_maitrise_fonciere": 0.5,
        "mf_attractivite_geog": 0.9575446988912756,
        "mf_aptitude_aux_rese": 0.9027682843472318,
        "mf_enjeux_forestiers": 0.540625,
        "mf_aptitude_physique": 0.625,
        "score_final": 0.6379073198890515,
        "classe_apt": "Potentiel de mobilisation modéré",
        "rang": 8,
        "ID": 8,
        "commune": "Mittelhausbergen",
        "epci": "Eurométropole de Strasbourg",
        "superficie_ha": 10.4
      },
      "geometry": {
        "type": "MultiPolygon",
        "coordinates": [
          [
            [
              [
                7.702547228012533,
                48.606949396879685
              ],
              [
                7.702493872931468,
                48.60700333494318
              ],
              [
                7.702406349823276,
                48.607091813466795
              ],
              [
                7.702098564225301,
                48.60740298412171
              ],
              [
                7.702038702952183,
                48.607463493492595
              ],
              [
                7.702038684142048,
                48.607463512402354
              ],
              [
                7.70189536552828,
                48.607606803144115
              ],
              [
                7.701767937133431,
                48.60773422426112
              ],
              [
                7.701664779895787,
                48.607837372083026
              ],
              [
                7.701610438043891,
                48.60789169309365
              ],
              [
                7.701558125893078,
                48.60794401325822
              ],
              [
                7.701451396714255,
                48.608050729558634
              ],
              [
                7.701345475608619,
                48.60815662860327
              ],
              [
                7.701305415412426,
                48.60819670399787
              ],
              [
                7.701305523518972,
                48.60819903870745
              ],
              [
                7.701321730672381,
                48.60821327149104
              ],
              [
                7.701321805141908,
                48.608213338158436
              ],
              [
                7.701338254499385,
                48.608228351684005
              ],
              [
                7.701338269637454,
                48.60822836555615
              ],
              [
                7.701354714964147,
                48.608243496199016
              ],
              [
                7.701354731932604,
                48.60824351188179
              ],
              [
                7.70137114548316,
                48.60825875072847
              ],
              [
                7.701371162817005,
                48.608258766897
              ],
              [
                7.701387529976737,
                48.608274105257955
              ],
              [
                7.701387549633767,
                48.608274123778095
              ],
              [
                7.70140385802958,
                48.608289571445226
              ],
              [
                7.701403877405125,
                48.608289589896145
              ],
              [
                7.701420126292677,
                48.60830514613501
              ],
              [
                7.701420149429368,
                48.60830516842843
              ],
              [
                7.701436313876439,
                48.60832084449642
              ],
              [
                7.701436334197496,
                48.60832086431664
              ],
              [
                7.701452426912002,
                48.608336650704594
              ],
              [
                7.701452450882895,
                48.608336674380624
              ],
              [
                7.701468444014461,
                48.60835257950098
              ],
              [
                7.701468468466615,
                48.60835260399144
              ],
              [
                7.701484365295904,
                48.60836863922267
              ],
              [
                7.701484388476894,
                48.60836866276545
              ],
              [
                7.701500186264326,
                48.60838481719448
              ],
              [
                7.701500213680351,
                48.6083848454602
              ],
              [
                7.701515887497006,
                48.6084011385203
              ],
              [
                7.701515912787963,
                48.60840116501366
              ],
              [
                7.701531461749115,
                48.608417579550014
              ],
              [
                7.701531489615376,
                48.6084176092229
              ],
              [
                7.701546904417359,
                48.608434166436666
              ],
              [
                7.70154692516594,
                48.608434188869495
              ],
              [
                7.701554577886712,
                48.60844251736698
              ],
              [
                7.701554592458772,
                48.60844253330002
              ],
              [
                7.701558483894364,
                48.60844680812836
              ],
              [
                7.701560403743462,
                48.608448919719166
              ],
              [
                7.701562173923906,
                48.6084508691305
              ],
              [
                7.701562233002765,
                48.60845093547035
              ],
              [
                7.701620817976034,
                48.608518026480624
              ],
              [
                7.701620925760473,
                48.608518154694565
              ],
              [
                7.70167615371895,
                48.60858644760918
              ],
              [
                7.701676254912386,
                48.60858657778667
              ],
              [
                7.701728105101434,
                48.60865603282313
              ],
              [
                7.701728199788404,
                48.608656165026666
              ],
              [
                7.701776609561947,
                48.60872669431786
              ],
              [
                7.701776698089636,
                48.60872682909512
              ],
              [
                7.701821607837899,
                48.608798372415116
              ],
              [
                7.701821689294248,
                48.60879850836964
              ],
              [
                7.701863063922682,
                48.608870977559775
              ],
              [
                7.701863138621579,
                48.608871115108094
              ],
              [
                7.701900944883239,
                48.60894444777996
              ],
              [
                7.701901013241253,
                48.60894458781914
              ],
              [
                7.701935174792585,
                48.60901868870628
              ],
              [
                7.701935235671994,
                48.60901882884949
              ],
              [
                7.701965760223617,
                48.609093634705445
              ],
              [
                7.701965814588618,
                48.60909377712211
              ],
              [
                7.701992640395859,
                48.609169208809
              ],
              [
                7.701992687737961,
                48.60916935239286
              ],
              [
                7.702015779043132,
                48.6092453134342
              ],
              [
                7.702015819032768,
                48.60924545696973
              ],
              [
                7.702035183476207,
                48.60932188397034
              ],
              [
                7.702035216508532,
                48.6093220287208
              ],
              [
                7.702050824573535,
                48.609398856838624
              ],
              [
                7.702050839533298,
                48.60939893574122
              ],
              [
                7.702051173239137,
                48.609400831044475
              ],
              [
                7.702051175483656,
                48.60940084395425
              ],
              [
                7.702051525110004,
                48.60940288075345
              ],
              [
                7.702052267681003,
                48.60940711048436
              ],
              [
                7.702052270264811,
                48.60940712541916
              ],
              [
                7.702053685325728,
                48.609415427173566
              ],
              [
                7.702053689416648,
                48.6094154517804
              ],
              [
                7.702056360056903,
                48.60943193192425
              ],
              [
                7.702056364162575,
                48.609431957973506
              ],
              [
                7.702058880662782,
                48.609448386947896
              ],
              [
                7.702058885289413,
                48.60944841824045
              ],
              [
                7.702061222789919,
                48.60946481820478
              ],
              [
                7.702061226448413,
                48.60946484470979
              ],
              [
                7.702063411494316,
                48.60948120815996
              ],
              [
                7.70206341492886,
                48.60948123478038
              ],
              [
                7.702065446492683,
                48.60949755146078
              ],
              [
                7.702065449428534,
                48.609497575849005
              ],
              [
                7.702067341689159,
                48.609513852935166
              ],
              [
                7.702067344705979,
                48.609513879946675
              ],
              [
                7.70206908369342,
                48.60953011369458
              ],
              [
                7.702069087079439,
                48.60953014705795
              ],
              [
                7.702072189193244,
                48.609562508184126
              ],
              [
                7.702072192961566,
                48.609562550669025
              ],
              [
                7.702074816096254,
                48.60959472040343
              ],
              [
                7.702074819123183,
                48.60959476091223
              ],
              [
                7.702076991755699,
                48.60962675461372
              ],
              [
                7.702076993908444,
                48.60962678929133
              ],
              [
                7.70207878358384,
                48.60965860491115
              ],
              [
                7.702078785180914,
                48.60965863623181
              ],
              [
                7.702080231486994,
                48.609690261980255
              ],
              [
                7.702080232629587,
                48.60969028980671
              ],
              [
                7.702081376923055,
                48.60972173372055
              ],
              [
                7.702081377672998,
                48.60972175677946
              ],
              [
                7.702082272622477,
                48.60975298895064
              ],
              [
                7.70208227534789,
                48.60975304597148
              ],
              [
                7.702082967254424,
                48.6097633800014
              ],
              [
                7.702086440323788,
                48.609764559170365
              ],
              [
                7.702154507610238,
                48.6097349840226
              ],
              [
                7.702209210623912,
                48.60971125314502
              ],
              [
                7.702473738678338,
                48.60959646109884
              ],
              [
                7.70260204355319,
                48.609540783968
              ],
              [
                7.702753719802248,
                48.60947496132701
              ],
              [
                7.702851765643864,
                48.609432402312734
              ],
              [
                7.702902626074318,
                48.60941034082813
              ],
              [
                7.703053413766773,
                48.60934490496252
              ],
              [
                7.703128337515962,
                48.60931239986928
              ],
              [
                7.703201549280522,
                48.60928062139416
              ],
              [
                7.70335401331245,
                48.60921444956758
              ],
              [
                7.703354053926795,
                48.60921443166231
              ],
              [
                7.703482453820626,
                48.60915693794459
              ],
              [
                7.70393313329627,
                48.608955100614224
              ],
              [
                7.704242307312175,
                48.60881663889924
              ],
              [
                7.704261888765542,
                48.608807709200136
              ],
              [
                7.70480510930483,
                48.60855998988255
              ],
              [
                7.705472579429863,
                48.60825558219018
              ],
              [
                7.705473956576355,
                48.608254079994225
              ],
              [
                7.70549166529766,
                48.60815996047087
              ],
              [
                7.705491148041592,
                48.60815849218444
              ],
              [
                7.705407311913815,
                48.60807421221672
              ],
              [
                7.705407242824476,
                48.60807414132296
              ],
              [
                7.705400079268118,
                48.60806663712591
              ],
              [
                7.705403357315428,
                48.60806003820342
              ],
              [
                7.705434672539486,
                48.60805198423246
              ],
              [
                7.705533066952368,
                48.60802667094354
              ],
              [
                7.705608808220598,
                48.60800719479592
              ],
              [
                7.705682332633287,
                48.60798828599601
              ],
              [
                7.705783288678293,
                48.6079623190836
              ],
              [
                7.70583244672841,
                48.60794967731646
              ],
              [
                7.705979747094539,
                48.60791179517967
              ],
              [
                7.706029223102709,
                48.60789906839979
              ],
              [
                7.706114080470416,
                48.60787724039107
              ],
              [
                7.706220914410362,
                48.60784975555956
              ],
              [
                7.706326662434106,
                48.60782256670644
              ],
              [
                7.706494983750613,
                48.60777927292249
              ],
              [
                7.706580119371393,
                48.60775737016723
              ],
              [
                7.706665149203419,
                48.60773549864516
              ],
              [
                7.706749501749299,
                48.607713798698484
              ],
              [
                7.706831027688535,
                48.60769282524743
              ],
              [
                7.706832665969928,
                48.6076904402727
              ],
              [
                7.706588831336742,
                48.607241665577746
              ],
              [
                7.706588685141087,
                48.60724143697688
              ],
              [
                7.706290503930513,
                48.60683867188095
              ],
              [
                7.706066047483299,
                48.60653601366145
              ],
              [
                7.706065924020087,
                48.60653586213259
              ],
              [
                7.705571319228569,
                48.60598077471699
              ],
              [
                7.705571145272942,
                48.60598059883413
              ],
              [
                7.705307699744787,
                48.605739627400226
              ],
              [
                7.705307656075107,
                48.605739588351
              ],
              [
                7.704497270095611,
                48.605031069632766
              ],
              [
                7.704497207652267,
                48.6050310141561
              ],
              [
                7.704470068121639,
                48.60500651135232
              ],
              [
                7.704470027439254,
                48.60500647538176
              ],
              [
                7.704378982016268,
                48.60492762936688
              ],
              [
                7.704374909966095,
                48.6049276228502
              ],
              [
                7.704201629978186,
                48.60507619342251
              ],
              [
                7.704201518851959,
                48.60507628615263
              ],
              [
                7.704052262497707,
                48.60519752139994
              ],
              [
                7.704051524085854,
                48.60519876316469
              ],
              [
                7.704049603595242,
                48.605217867237144
              ],
              [
                7.704048456569658,
                48.60522008564773
              ],
              [
                7.703706970666333,
                48.60555533827919
              ],
              [
                7.70370739542843,
                48.60555784447564
              ],
              [
                7.703845058110551,
                48.60564337869383
              ],
              [
                7.703846035653381,
                48.60564918379078
              ],
              [
                7.703741575422313,
                48.6057514202755
              ],
              [
                7.703706857097605,
                48.605785405419326
              ],
              [
                7.703646076321185,
                48.60584487074788
              ],
              [
                7.703646053932178,
                48.605844892934726
              ],
              [
                7.703633840929552,
                48.60585715247827
              ],
              [
                7.703577707607127,
                48.60591351110092
              ],
              [
                7.703520214928449,
                48.60597119559411
              ],
              [
                7.703449916246296,
                48.606041769023314
              ],
              [
                7.703376368137765,
                48.60611556449826
              ],
              [
                7.703159583878568,
                48.60633314504459
              ],
              [
                7.703056725400629,
                48.606436381583904
              ],
              [
                7.702952601092687,
                48.60654088214868
              ],
              [
                7.702909422364446,
                48.606584403269636
              ],
              [
                7.702798417869145,
                48.606696267555
              ],
              [
                7.702579478112748,
                48.60691689798617
              ],
              [
                7.70254723073074,
                48.60694939413616
              ],
              [
                7.702547228012533,
                48.606949396879685
              ]
            ]
          ]
        ]
      }
    },
    {
      "type": "Feature",
      "properties": {
        "fid": 11,
        "acess_TC": "Plus de 10 minutes",
        "articu_piste_cyclable": "Acces direct",
        "acess_restauration": "Moins de 5 minutes",
        "acess_echangeur": "Moins de 10 minutes",
        "proximite_res_elect": "Moins de 400 m",
        "articu_zae_existante": "Moins de 400 m",
        "enjeux_forestier": "Non",
        "expo_risq_inondation": "Oui",
        "expo_risque_mvt_terrain": "Oui",
        "pres_zone_hum_res_biodiv": "Non",
        "pente_moy_terrain": "Faible (< 10 %)",
        "posi_armature_urbaine": "Les Polarités",
        "maitrise_fonciere": "Mixte",
        "proximite_aep": "Moins de 400 m",
        "proximite_res_chauffage_urb": "Plus de 400 m",
        "std_acess_TC": 0.5,
        "std_articu_piste_cyclable": 1.0,
        "std_acess_restauration": 1.0,
        "std_acess_echangeur": 1.0,
        "std_posi_armature_urbaine": 0.75,
        "std_proximite_res_elect": 0.75,
        "std_articu_zae_existante": 1.0,
        "std_proximite_aep": 1.0,
        "std_proximite_res_chauffage_urb": 0.5,
        "std_enjeux_forestier": 1.0,
        "std_expo_risq_inondation": 0.25,
        "std_expo_risque_mvt_terrain": 0.25,
        "std_pres_zone_hum_res_biodiv": 1.0,
        "std_pente_moy_terrain": 1.0,
        "std_maitrise_fonciere": 0.75,
        "mf_attractivite_geog": 0.8279927723021557,
        "mf_aptitude_aux_rese": 0.868421052631579,
        "mf_enjeux_forestiers": 0.540625,
        "mf_aptitude_physique": 0.8125,
        "score_final": 0.6635317890478741,
        "classe_apt": "Potentiel de mobilisation modéré",
        "rang": 6,
        "ID": 9,
        "commune": "Mundolsheim - Niederhausbergen",
        "epci": "Eurométropole de Strasbourg",
        "superficie_ha": 8.75
      },
      "geometry": {
        "type": "MultiPolygon",
        "coordinates": [
          [
            [
              [
                7.717289878488467,
                48.62878460299742
              ],
              [
                7.717556789936122,
                48.62881864347576
              ],
              [
                7.719377279349821,
                48.62905297263998
              ],
              [
                7.7191482,
                48.6287217
              ],
              [
                7.7190366,
                48.6285602
              ],
              [
                7.7191271,
                48.6281071
              ],
              [
                7.719307480450492,
                48.62762315802466
              ],
              [
                7.7196247,
                48.62648260000001
              ],
              [
                7.7188554,
                48.6263726
              ],
              [
                7.719406786411844,
                48.62561955513182
              ],
              [
                7.719401459115167,
                48.62561325686765
              ],
              [
                7.719426606303495,
                48.625576013552795
              ],
              [
                7.719424422367665,
                48.625573784388045
              ],
              [
                7.719250912311008,
                48.625574023600755
              ],
              [
                7.719070706741838,
                48.625574272521995
              ],
              [
                7.718970717249941,
                48.625574406615506
              ],
              [
                7.718644522392813,
                48.625574846725
              ],
              [
                7.718518183512066,
                48.6255750147432
              ],
              [
                7.718323912397809,
                48.625575275286465
              ],
              [
                7.718176388265746,
                48.62557547461704
              ],
              [
                7.71792833153333,
                48.62557581100483
              ],
              [
                7.71742697252137,
                48.62557648801172
              ],
              [
                7.717263861576477,
                48.62557670656574
              ],
              [
                7.716723824672257,
                48.62557743810112
              ],
              [
                7.716563899166022,
                48.625577968000734
              ],
              [
                7.716561010307541,
                48.625579559613165
              ],
              [
                7.716548652338214,
                48.625622395537974
              ],
              [
                7.716548357298342,
                48.62562310102245
              ],
              [
                7.715466197975218,
                48.627576619769805
              ],
              [
                7.715466286227566,
                48.62757825363083
              ],
              [
                7.715496091819706,
                48.62762208203512
              ],
              [
                7.715496659980038,
                48.62762436177311
              ],
              [
                7.71545313816083,
                48.627923760691274
              ],
              [
                7.715410918625015,
                48.62821417054342
              ],
              [
                7.715412983084692,
                48.62821623506711
              ],
              [
                7.71543087798068,
                48.628219956387284
              ],
              [
                7.716582074804359,
                48.62845917694734
              ],
              [
                7.717164735611133,
                48.62858023058068
              ],
              [
                7.717244718591033,
                48.62859684117911
              ],
              [
                7.717244781125426,
                48.62859685438652
              ],
              [
                7.717277700908734,
                48.628603923563986
              ],
              [
                7.717282217740004,
                48.62860922271269
              ],
              [
                7.717231770604761,
                48.628752746749676
              ],
              [
                7.717224527685085,
                48.62877335877876
              ],
              [
                7.717226663080928,
                48.62877559140797
              ],
              [
                7.717289806147721,
                48.628784593229085
              ],
              [
                7.717289878488467,
                48.62878460299742
              ]
            ]
          ]
        ]
      }
    },
    {
      "type": "Feature",
      "properties": {
        "fid": 12,
        "acess_TC": "Plus de 10 minutes",
        "articu_piste_cyclable": "Acces direct",
        "acess_restauration": "Moins de 5 minutes",
        "acess_echangeur": "Moins de 10 minutes",
        "proximite_res_elect": "Moins de 400 m",
        "articu_zae_existante": "Moins de 400 m",
        "enjeux_forestier": "Oui",
        "expo_risq_inondation": "Oui",
        "expo_risque_mvt_terrain": "Oui",
        "pres_zone_hum_res_biodiv": "Oui",
        "pente_moy_terrain": "Faible (< 10 %)",
        "posi_armature_urbaine": "Coeur métropolitain",
        "maitrise_fonciere": "Mixte",
        "proximite_aep": "Moins de 400 m",
        "proximite_res_chauffage_urb": "Plus de 400 m",
        "std_acess_TC": 0.5,
        "std_articu_piste_cyclable": 1.0,
        "std_acess_restauration": 1.0,
        "std_acess_echangeur": 1.0,
        "std_posi_armature_urbaine": 1.0,
        "std_proximite_res_elect": 0.75,
        "std_articu_zae_existante": 1.0,
        "std_proximite_aep": 1.0,
        "std_proximite_res_chauffage_urb": 0.5,
        "std_enjeux_forestier": 0.25,
        "std_expo_risq_inondation": 0.25,
        "std_expo_risque_mvt_terrain": 0.25,
        "std_pres_zone_hum_res_biodiv": 0.25,
        "std_pente_moy_terrain": 1.0,
        "std_maitrise_fonciere": 0.75,
        "mf_attractivite_geog": 0.9150893977825514,
        "mf_aptitude_aux_rese": 0.868421052631579,
        "mf_enjeux_forestiers": 0.25,
        "mf_aptitude_physique": 0.8125,
        "score_final": 0.5093792110604816,
        "classe_apt": "Potentiel de mobilisation modéré",
        "rang": 18,
        "ID": 10,
        "commune": "Ostwald",
        "epci": "Eurométropole de Strasbourg",
        "superficie_ha": 12.06
      },
      "geometry": {
        "type": "MultiPolygon",
        "coordinates": [
          [
            [
              [
                7.697164736472445,
                48.53852332883389
              ],
              [
                7.69716118313228,
                48.53852337898948
              ],
              [
                7.696503361480034,
                48.53885384803654
              ],
              [
                7.696434434715906,
                48.53888847938468
              ],
              [
                7.696433382436714,
                48.538889373142666
              ],
              [
                7.696344698924052,
                48.53902710001228
              ],
              [
                7.696286872993152,
                48.53911694015303
              ],
              [
                7.696286751789546,
                48.5391171593143
              ],
              [
                7.696240315314778,
                48.53921684881302
              ],
              [
                7.696228085264877,
                48.53924308537815
              ],
              [
                7.696216309414305,
                48.539268357351965
              ],
              [
                7.696194278826309,
                48.53931565427153
              ],
              [
                7.696194234862179,
                48.539315757283234
              ],
              [
                7.696152877592665,
                48.53942226431273
              ],
              [
                7.69611609853527,
                48.53951693650239
              ],
              [
                7.696116012592964,
                48.53951724596949
              ],
              [
                7.696099924628723,
                48.53961201211978
              ],
              [
                7.696099943735002,
                48.53961260817456
              ],
              [
                7.696136111334926,
                48.53976649149628
              ],
              [
                7.696136143478777,
                48.539766645737565
              ],
              [
                7.696163644287815,
                48.539917837071144
              ],
              [
                7.696167506600379,
                48.53993906093395
              ],
              [
                7.696181440756111,
                48.54001567785416
              ],
              [
                7.696181487675795,
                48.54001586739356
              ],
              [
                7.696205958296299,
                48.540093761138685
              ],
              [
                7.696206009888303,
                48.54009390236586
              ],
              [
                7.696236999445125,
                48.54016816806608
              ],
              [
                7.696269158124024,
                48.54024528731559
              ],
              [
                7.696269189594018,
                48.5402453582295
              ],
              [
                7.69631382044059,
                48.54034015277862
              ],
              [
                7.696313829870985,
                48.54034017297501
              ],
              [
                7.696361094699513,
                48.54044224399661
              ],
              [
                7.69642481633484,
                48.54057878841959
              ],
              [
                7.696456352147814,
                48.540646337065894
              ],
              [
                7.696488129338882,
                48.54071444377232
              ],
              [
                7.696602161185305,
                48.54095872755246
              ],
              [
                7.696727951143832,
                48.54122293051053
              ],
              [
                7.696778150051244,
                48.54132835738496
              ],
              [
                7.696856427339275,
                48.541492778482265
              ],
              [
                7.696901061478027,
                48.541586510895016
              ],
              [
                7.696956690392944,
                48.54170333915772
              ],
              [
                7.696956903355177,
                48.54170391683008
              ],
              [
                7.697010653587823,
                48.5419070672178
              ],
              [
                7.697007543123174,
                48.54191167165975
              ],
              [
                7.696828362580869,
                48.5419852006581
              ],
              [
                7.696827482848399,
                48.541987779664744
              ],
              [
                7.69712888178835,
                48.542298815600155
              ],
              [
                7.697273560947631,
                48.542447971367054
              ],
              [
                7.697277378968953,
                48.542448581228165
              ],
              [
                7.697297386466095,
                48.54244086033532
              ],
              [
                7.69884623489949,
                48.54184300865362
              ],
              [
                7.698891427933997,
                48.54182551731268
              ],
              [
                7.699533324146613,
                48.541576966816365
              ],
              [
                7.699533938105374,
                48.5415742973888
              ],
              [
                7.698460974794585,
                48.5407936143748
              ],
              [
                7.6984611050183,
                48.54078745826338
              ],
              [
                7.698520775557752,
                48.54074641826736
              ],
              [
                7.698520805146389,
                48.5407463980442
              ],
              [
                7.698659297513713,
                48.54065233316987
              ],
              [
                7.698846841115563,
                48.54052412504028
              ],
              [
                7.698848706745643,
                48.540523224043284
              ],
              [
                7.69899285285429,
                48.5404760764731
              ],
              [
                7.699040734869469,
                48.540460408111464
              ],
              [
                7.699040678112762,
                48.54045797139386
              ],
              [
                7.698852250055353,
                48.54040105155267
              ],
              [
                7.698848334747355,
                48.540396393975506
              ],
              [
                7.698852375028147,
                48.540375146617585
              ],
              [
                7.699012802570643,
                48.53953091950489
              ],
              [
                7.699017831543078,
                48.539504448163164
              ],
              [
                7.699017847317783,
                48.53950434661369
              ],
              [
                7.699050141868687,
                48.53923714817962
              ],
              [
                7.69905014945536,
                48.53923686985286
              ],
              [
                7.699031486205358,
                48.538954675545455
              ],
              [
                7.699036585943023,
                48.538950118713224
              ],
              [
                7.699072955360492,
                48.538943986320106
              ],
              [
                7.700485850474511,
                48.53870544138849
              ],
              [
                7.700520394453382,
                48.53869961338302
              ],
              [
                7.700528373460718,
                48.538702340199904
              ],
              [
                7.70056029715697,
                48.538756765032865
              ],
              [
                7.700560471590618,
                48.53875701567072
              ],
              [
                7.700765749028421,
                48.53900989387533
              ],
              [
                7.700766383188033,
                48.53901100679685
              ],
              [
                7.700777297550553,
                48.53904209091757
              ],
              [
                7.700788900540573,
                48.53907518121969
              ],
              [
                7.700799865494804,
                48.53910634401769
              ],
              [
                7.700811205688293,
                48.539138636068735
              ],
              [
                7.700832783041102,
                48.53920008229651
              ],
              [
                7.700854210248343,
                48.53926107518716
              ],
              [
                7.700875243206031,
                48.53932098360213
              ],
              [
                7.700875417843677,
                48.539322121094784
              ],
              [
                7.700872534037456,
                48.539396192003046
              ],
              [
                7.700864342725242,
                48.53960756994267
              ],
              [
                7.700863080505986,
                48.539639444757434
              ],
              [
                7.700861938512898,
                48.53966849369427
              ],
              [
                7.700858295621197,
                48.539761971519596
              ],
              [
                7.700858246157982,
                48.53976240998984
              ],
              [
                7.700814308840451,
                48.539997129521296
              ],
              [
                7.700816480439205,
                48.539999235328
              ],
              [
                7.701000324658085,
                48.54002991707092
              ],
              [
                7.701000337578908,
                48.540029919236225
              ],
              [
                7.701347113366696,
                48.540088273645374
              ],
              [
                7.701347430447858,
                48.54008833248361
              ],
              [
                7.701746179111074,
                48.54016931164165
              ],
              [
                7.701748250533658,
                48.540170008749875
              ],
              [
                7.701826560719016,
                48.54020883519254
              ],
              [
                7.701910608072817,
                48.54025052147463
              ],
              [
                7.702002572182471,
                48.54029611238731
              ],
              [
                7.702099291776405,
                48.54034408484872
              ],
              [
                7.702103185599385,
                48.540343315129725
              ],
              [
                7.702116690095677,
                48.54031879414637
              ],
              [
                7.702356651186196,
                48.53988307704073
              ],
              [
                7.702380487417163,
                48.53983978888753
              ],
              [
                7.702380691723053,
                48.53983901321277
              ],
              [
                7.702380281825477,
                48.539774874966334
              ],
              [
                7.702379990817867,
                48.539773977508005
              ],
              [
                7.702188296700679,
                48.53948887189324
              ],
              [
                7.702190768484458,
                48.539483276371385
              ],
              [
                7.702264767543952,
                48.53945106810764
              ],
              [
                7.702298611787881,
                48.53943633501459
              ],
              [
                7.702298707683156,
                48.53943629169229
              ],
              [
                7.702335014207373,
                48.53941927842692
              ],
              [
                7.702335308525796,
                48.53941914801994
              ],
              [
                7.702403586566055,
                48.53939057799424
              ],
              [
                7.702404707188521,
                48.539388161381524
              ],
              [
                7.702280145123051,
                48.53919840751818
              ],
              [
                7.702280011041136,
                48.539198226013184
              ],
              [
                7.702129227626775,
                48.539015396513314
              ],
              [
                7.702011651896364,
                48.538872795353114
              ],
              [
                7.702011572963315,
                48.53887269673193
              ],
              [
                7.701797244202115,
                48.538596691627674
              ],
              [
                7.701775265848473,
                48.538568372965166
              ],
              [
                7.701177462880285,
                48.53779864553633
              ],
              [
                7.701177404392158,
                48.537798573476714
              ],
              [
                7.701074694999528,
                48.53767736659228
              ],
              [
                7.701040820002632,
                48.53763740269592
              ],
              [
                7.70097428947461,
                48.53755893025598
              ],
              [
                7.700905717488354,
                48.53747802660038
              ],
              [
                7.700836171197468,
                48.53739596447863
              ],
              [
                7.700787413538802,
                48.53733845533498
              ],
              [
                7.700783834645402,
                48.5373375924473
              ],
              [
                7.700676313341455,
                48.53736458955639
              ],
              [
                7.700676181835536,
                48.537364624681935
              ],
              [
                7.700324943006098,
                48.53746416198415
              ],
              [
                7.700286314671641,
                48.53747510710756
              ],
              [
                7.700285401153828,
                48.53747531618407
              ],
              [
                7.700254795165835,
                48.537480733919054
              ],
              [
                7.70025449590598,
                48.53748079689825
              ],
              [
                7.699702136637764,
                48.53761605857889
              ],
              [
                7.699222213085712,
                48.537733653941345
              ],
              [
                7.699221944741425,
                48.53773371548133
              ],
              [
                7.699142039247535,
                48.53775080429086
              ],
              [
                7.698682163931732,
                48.53784992331959
              ],
              [
                7.698682123231144,
                48.53784993199769
              ],
              [
                7.698538962596965,
                48.53788012573868
              ],
              [
                7.698439331397231,
                48.53790148619372
              ],
              [
                7.698439067713506,
                48.53790155087083
              ],
              [
                7.697990255430482,
                48.53802593063363
              ],
              [
                7.697988576981526,
                48.53802822504591
              ],
              [
                7.698000564558147,
                48.53805687646366
              ],
              [
                7.698016589421138,
                48.538095141118355
              ],
              [
                7.698055054180483,
                48.53818700545308
              ],
              [
                7.698071752676037,
                48.538226862922535
              ],
              [
                7.69806193150042,
                48.53823199784477
              ],
              [
                7.697892833639615,
                48.53816944612525
              ],
              [
                7.697889319320655,
                48.53816971168051
              ],
              [
                7.697863095191959,
                48.53818544867376
              ],
              [
                7.697398384703623,
                48.538464173718296
              ],
              [
                7.697245176603085,
                48.53855606277077
              ],
              [
                7.697236783778006,
                48.53855642391128
              ],
              [
                7.697164736472445,
                48.53852332883389
              ]
            ]
          ]
        ]
      }
    },
    {
      "type": "Feature",
      "properties": {
        "fid": 13,
        "acess_TC": "Plus de 10 minutes",
        "articu_piste_cyclable": "Absence",
        "acess_restauration": "Moins de 5 minutes",
        "acess_echangeur": "Moins de 10 minutes",
        "proximite_res_elect": "Moins de 400 m",
        "articu_zae_existante": "Moins de 400 m",
        "enjeux_forestier": "Oui",
        "expo_risq_inondation": "Oui",
        "expo_risque_mvt_terrain": "Oui",
        "pres_zone_hum_res_biodiv": "Oui",
        "pente_moy_terrain": "Faible (< 10 %)",
        "posi_armature_urbaine": "Les Polarités",
        "maitrise_fonciere": "Mixte",
        "proximite_aep": "Moins de 400 m",
        "proximite_res_chauffage_urb": "Moins de 400 m",
        "std_acess_TC": 0.5,
        "std_articu_piste_cyclable": 0.5,
        "std_acess_restauration": 1.0,
        "std_acess_echangeur": 1.0,
        "std_posi_armature_urbaine": 0.75,
        "std_proximite_res_elect": 0.75,
        "std_articu_zae_existante": 1.0,
        "std_proximite_aep": 1.0,
        "std_proximite_res_chauffage_urb": 1.0,
        "std_enjeux_forestier": 0.25,
        "std_expo_risq_inondation": 0.25,
        "std_expo_risque_mvt_terrain": 0.25,
        "std_pres_zone_hum_res_biodiv": 0.25,
        "std_pente_moy_terrain": 1.0,
        "std_maitrise_fonciere": 0.75,
        "mf_attractivite_geog": 0.7861676293293733,
        "mf_aptitude_aux_rese": 0.9027682843472318,
        "mf_enjeux_forestiers": 0.25,
        "mf_aptitude_physique": 0.8125,
        "score_final": 0.4951367626866243,
        "classe_apt": "Potentiel de mobilisation modéré",
        "rang": 19,
        "ID": 11,
        "commune": "Reichstett",
        "epci": "Eurométropole de Strasbourg",
        "superficie_ha": 13.17
      },
      "geometry": {
        "type": "MultiPolygon",
        "coordinates": [
          [
            [
              [
                7.750986705405384,
                48.65319145454838
              ],
              [
                7.750986704003668,
                48.65319145445504
              ],
              [
                7.750859334348069,
                48.653134505821654
              ],
              [
                7.75085639306071,
                48.65313023496733
              ],
              [
                7.750908041574596,
                48.65284882321363
              ],
              [
                7.750906434897585,
                48.65284678301909
              ],
              [
                7.75052623446047,
                48.652713078636594
              ],
              [
                7.750437641868761,
                48.652681976445216
              ],
              [
                7.750437635781211,
                48.65268197430543
              ],
              [
                7.750407158218931,
                48.652671248256475
              ],
              [
                7.750406881390072,
                48.65267114526088
              ],
              [
                7.7500824406122,
                48.65254373235981
              ],
              [
                7.749751326976797,
                48.65241366699555
              ],
              [
                7.74971053027118,
                48.65239763315455
              ],
              [
                7.749706911290752,
                48.65239879871632
              ],
              [
                7.749661105088601,
                48.652630053662506
              ],
              [
                7.749661041034831,
                48.65263031648419
              ],
              [
                7.749485032481143,
                48.653237670017894
              ],
              [
                7.749446656917173,
                48.65337015130641
              ],
              [
                7.749343806486891,
                48.6537250419956
              ],
              [
                7.749335712477064,
                48.65372859070488
              ],
              [
                7.74783084943568,
                48.653514061817674
              ],
              [
                7.747825607364013,
                48.65350883015297
              ],
              [
                7.747920053981322,
                48.65317760597817
              ],
              [
                7.748208313786345,
                48.65216643918108
              ],
              [
                7.74820832318528,
                48.65216640474326
              ],
              [
                7.748292814614461,
                48.651842448315435
              ],
              [
                7.748291358051798,
                48.65184035567888
              ],
              [
                7.748188967065916,
                48.65180010723956
              ],
              [
                7.748156306049037,
                48.65178727509574
              ],
              [
                7.748071111162076,
                48.651754172377025
              ],
              [
                7.748071015963189,
                48.65175413469135
              ],
              [
                7.74803147773265,
                48.65173819115232
              ],
              [
                7.748031445140843,
                48.651738178175094
              ],
              [
                7.74768842158564,
                48.65160332111028
              ],
              [
                7.747527855773643,
                48.651540198823476
              ],
              [
                7.747264749449072,
                48.65143674624114
              ],
              [
                7.747260988203989,
                48.65143778014063
              ],
              [
                7.746655841973804,
                48.653016522873294
              ],
              [
                7.746655796762163,
                48.65301665816986
              ],
              [
                7.746223603679014,
                48.654529473355076
              ],
              [
                7.74622275957571,
                48.65453094547842
              ],
              [
                7.746187175966761,
                48.65457036134892
              ],
              [
                7.746189244671174,
                48.65457225241662
              ],
              [
                7.746278853833814,
                48.65455881620294
              ],
              [
                7.747294724723925,
                48.65440645845469
              ],
              [
                7.748049586767143,
                48.654293253492824
              ],
              [
                7.748094220389167,
                48.65428655566644
              ],
              [
                7.748563674098549,
                48.65421614228041
              ],
              [
                7.748568970251871,
                48.65421680083967
              ],
              [
                7.748625644299294,
                48.65424214263348
              ],
              [
                7.748628551727091,
                48.65424516807769
              ],
              [
                7.748686925780633,
                48.65448976515489
              ],
              [
                7.748730147130407,
                48.654670844490155
              ],
              [
                7.748730156136214,
                48.654670880340326
              ],
              [
                7.748748859243335,
                48.65474178998519
              ],
              [
                7.748752196987287,
                48.654743265218485
              ],
              [
                7.748786987882432,
                48.65473808229854
              ],
              [
                7.748787573291244,
                48.654738012780676
              ],
              [
                7.748912115059902,
                48.65472692853458
              ],
              [
                7.749006271236082,
                48.654718567167976
              ],
              [
                7.749198775209916,
                48.65470143865036
              ],
              [
                7.74947804334171,
                48.65467660153597
              ],
              [
                7.749887261828383,
                48.654640217907016
              ],
              [
                7.750099006597959,
                48.65462138813576
              ],
              [
                7.750106564528693,
                48.65462495897096
              ],
              [
                7.75047430539623,
                48.655836605845266
              ],
              [
                7.750507863200443,
                48.655947349172955
              ],
              [
                7.750511527731636,
                48.65594853012252
              ],
              [
                7.750781494127145,
                48.65585830061254
              ],
              [
                7.75078326573617,
                48.65585790002224
              ],
              [
                7.751675430318494,
                48.65574386556359
              ],
              [
                7.751679343292516,
                48.65574413455545
              ],
              [
                7.75228717621546,
                48.65591314592305
              ],
              [
                7.752486455491749,
                48.6559685474177
              ],
              [
                7.752488246575324,
                48.65596869393608
              ],
              [
                7.752909621073843,
                48.65592604343376
              ],
              [
                7.752909784390628,
                48.655926024185824
              ],
              [
                7.753474456012404,
                48.655849996048914
              ],
              [
                7.753590635409034,
                48.65583435490339
              ],
              [
                7.75359298547288,
                48.65583237659915
              ],
              [
                7.753586155426133,
                48.65570934079512
              ],
              [
                7.753592225509125,
                48.65570470302837
              ],
              [
                7.753860126547255,
                48.65568594074861
              ],
              [
                7.753861000983771,
                48.65568591709138
              ],
              [
                7.754065447438729,
                48.65568912690358
              ],
              [
                7.754066954447351,
                48.65568926349531
              ],
              [
                7.75458714020441,
                48.65577661394264
              ],
              [
                7.754589645306156,
                48.655777426188074
              ],
              [
                7.754744410527532,
                48.65585733847675
              ],
              [
                7.754747225943389,
                48.65585771165671
              ],
              [
                7.754902119135686,
                48.65582962970938
              ],
              [
                7.754902171277413,
                48.65582962040365
              ],
              [
                7.755141879861383,
                48.65578751610825
              ],
              [
                7.755142522813163,
                48.655787355367394
              ],
              [
                7.755311961402853,
                48.655731387161
              ],
              [
                7.755313283765223,
                48.65572892639666
              ],
              [
                7.755307370528526,
                48.65572025224881
              ],
              [
                7.755306986265016,
                48.655719530280464
              ],
              [
                7.755279849006145,
                48.65565021783579
              ],
              [
                7.755279634714661,
                48.655649825207114
              ],
              [
                7.754825357715719,
                48.65501074778079
              ],
              [
                7.7548249325052,
                48.655010297390454
              ],
              [
                7.754755710605449,
                48.65495332519146
              ],
              [
                7.754755373310708,
                48.65495302248513
              ],
              [
                7.754561842552734,
                48.65476320347995
              ],
              [
                7.754561745786034,
                48.6547631134238
              ],
              [
                7.754447032836866,
                48.65466172643537
              ],
              [
                7.754354325760693,
                48.654579885398405
              ],
              [
                7.754354210692886,
                48.654579789386005
              ],
              [
                7.75415942725029,
                48.65442606220061
              ],
              [
                7.754094485859059,
                48.65437478810673
              ],
              [
                7.754094367129353,
                48.65437469923743
              ],
              [
                7.753818179225134,
                48.65417865049994
              ],
              [
                7.753818039491643,
                48.65417855695691
              ],
              [
                7.753789618686319,
                48.65416061325202
              ],
              [
                7.75374679313678,
                48.65413358736407
              ],
              [
                7.753661147976382,
                48.654079556097265
              ],
              [
                7.753622291611857,
                48.65405512562399
              ],
              [
                7.753622281262444,
                48.6540551191032
              ],
              [
                7.753567807818565,
                48.654020724909266
              ],
              [
                7.753567672539785,
                48.65402064397514
              ],
              [
                7.753470547353316,
                48.65396560034761
              ],
              [
                7.753357129314642,
                48.65390121355459
              ],
              [
                7.753304583563243,
                48.65387138864164
              ],
              [
                7.753304455697803,
                48.65387131956424
              ],
              [
                7.7530314038732,
                48.653730987987124
              ],
              [
                7.753031265932315,
                48.65373092071822
              ],
              [
                7.75288354413766,
                48.653662621640514
              ],
              [
                7.752748303146417,
                48.653600043740944
              ],
              [
                7.752748168634907,
                48.653599984603446
              ],
              [
                7.752621718925374,
                48.65354721766177
              ],
              [
                7.75245452454817,
                48.65347744599353
              ],
              [
                7.752454436755547,
                48.653477410575604
              ],
              [
                7.75232007323054,
                48.65342503581792
              ],
              [
                7.7522601096989,
                48.653401663244495
              ],
              [
                7.752256410621134,
                48.653402767775205
              ],
              [
                7.752191552304112,
                48.65362359061545
              ],
              [
                7.752192998254037,
                48.65362571856167
              ],
              [
                7.752288117773583,
                48.653662859719304
              ],
              [
                7.752288286259605,
                48.653662927712325
              ],
              [
                7.752338199418873,
                48.65368373508411
              ],
              [
                7.752341260365994,
                48.653688355729955
              ],
              [
                7.752080793007859,
                48.65462601133181
              ],
              [
                7.752069832303724,
                48.654628685509074
              ],
              [
                7.751946247228927,
                48.65456204994424
              ],
              [
                7.751943841976647,
                48.65455779973311
              ],
              [
                7.751993229131565,
                48.654367463175255
              ],
              [
                7.75199039844008,
                48.654365528119506
              ],
              [
                7.751717853151788,
                48.65439078420412
              ],
              [
                7.751710205480913,
                48.65438702148435
              ],
              [
                7.7516071641522,
                48.65394816932624
              ],
              [
                7.751593633924489,
                48.6538905386418
              ],
              [
                7.751593592367002,
                48.65389039329723
              ],
              [
                7.751467492805173,
                48.65351700042676
              ],
              [
                7.751467394927738,
                48.65351664364777
              ],
              [
                7.75144615659051,
                48.65341640829757
              ],
              [
                7.751445973408091,
                48.65341593173409
              ],
              [
                7.751412939703576,
                48.65335765626024
              ],
              [
                7.751411331188566,
                48.65335647668721
              ],
              [
                7.751313840528397,
                48.653324426628565
              ],
              [
                7.751201866836122,
                48.65328761881649
              ],
              [
                7.751201086624246,
                48.65328731794768
              ],
              [
                7.751031089441524,
                48.65321130813832
              ],
              [
                7.750986705405384,
                48.65319145454838
              ]
            ]
          ]
        ]
      }
    },
    {
      "type": "Feature",
      "properties": {
        "fid": 16,
        "acess_TC": "Plus de 10 minutes",
        "articu_piste_cyclable": "Acces indirect",
        "acess_restauration": "Plus de 10 minutes",
        "acess_echangeur": "Moins de 10 minutes",
        "proximite_res_elect": "Moins de 400 m",
        "articu_zae_existante": "Moins de 400 m",
        "enjeux_forestier": "Oui",
        "expo_risq_inondation": "Oui",
        "expo_risque_mvt_terrain": "Oui",
        "pres_zone_hum_res_biodiv": "Oui",
        "pente_moy_terrain": "Faible (< 10 %)",
        "posi_armature_urbaine": "Les Polarités",
        "maitrise_fonciere": "Mixte",
        "proximite_aep": "Moins de 400 m",
        "proximite_res_chauffage_urb": "Plus de 400 m",
        "std_acess_TC": 0.5,
        "std_articu_piste_cyclable": 0.75,
        "std_acess_restauration": 0.5,
        "std_acess_echangeur": 1.0,
        "std_posi_armature_urbaine": 0.75,
        "std_proximite_res_elect": 0.75,
        "std_articu_zae_existante": 1.0,
        "std_proximite_aep": 1.0,
        "std_proximite_res_chauffage_urb": 0.5,
        "std_enjeux_forestier": 0.25,
        "std_expo_risq_inondation": 0.25,
        "std_expo_risque_mvt_terrain": 0.25,
        "std_pres_zone_hum_res_biodiv": 0.25,
        "std_pente_moy_terrain": 1.0,
        "std_maitrise_fonciere": 0.75,
        "mf_attractivite_geog": 0.7822024479275782,
        "mf_aptitude_aux_rese": 0.868421052631579,
        "mf_enjeux_forestiers": 0.25,
        "mf_aptitude_physique": 0.8125,
        "score_final": 0.4923638568887104,
        "classe_apt": "Potentiel de mobilisation modéré",
        "rang": 20,
        "ID": 12,
        "commune": "Reichstett",
        "epci": "Eurométropole de Strasbourg",
        "superficie_ha": 16.74
      },
      "geometry": {
        "type": "MultiPolygon",
        "coordinates": [
          [
            [
              [
                7.769601635536239,
                48.64012677236646
              ],
              [
                7.769695451098189,
                48.64014415780437
              ],
              [
                7.769789251095652,
                48.64016154333628
              ],
              [
                7.769883063288973,
                48.64017890151517
              ],
              [
                7.769976768811897,
                48.64019627318441
              ],
              [
                7.770164286004809,
                48.64023099376564
              ],
              [
                7.770305167531167,
                48.64025709602861
              ],
              [
                7.77044607551146,
                48.64028318804464
              ],
              [
                7.770586939683076,
                48.64030926330246
              ],
              [
                7.770619231586624,
                48.64031525358931
              ],
              [
                7.770727836431452,
                48.64033536472755
              ],
              [
                7.771009586507312,
                48.64038756813687
              ],
              [
                7.771189409101388,
                48.64042084563211
              ],
              [
                7.771301974516446,
                48.64044174469763
              ],
              [
                7.771302092224624,
                48.640441767313085
              ],
              [
                7.77138808678822,
                48.64045884887984
              ],
              [
                7.771391591860432,
                48.640457655809676
              ],
              [
                7.771408943444721,
                48.6404241532156
              ],
              [
                7.771417287542881,
                48.64042130066106
              ],
              [
                7.771491402608675,
                48.64043583359025
              ],
              [
                7.772747052001498,
                48.64068061884492
              ],
              [
                7.772869077257121,
                48.64070437515593
              ],
              [
                7.772896397868013,
                48.6407096859883
              ],
              [
                7.773493165492054,
                48.64082587035892
              ],
              [
                7.773672520384698,
                48.640860776572545
              ],
              [
                7.773915102458265,
                48.64090797514944
              ],
              [
                7.773918591418605,
                48.64090671217766
              ],
              [
                7.774145590266542,
                48.64039391419706
              ],
              [
                7.774154010370362,
                48.6403908642556
              ],
              [
                7.774634899257546,
                48.64048424741372
              ],
              [
                7.774637387211183,
                48.64048406657392
              ],
              [
                7.774658925892605,
                48.64047620324595
              ],
              [
                7.774664110468934,
                48.64047582691072
              ],
              [
                7.775741821634434,
                48.64068532645039
              ],
              [
                7.775742593748967,
                48.640685413885585
              ],
              [
                7.775965273386532,
                48.64069326648807
              ],
              [
                7.77596826907382,
                48.64069197374797
              ],
              [
                7.776162044934629,
                48.640354147172665
              ],
              [
                7.776162218050726,
                48.64035372566116
              ],
              [
                7.776210081687354,
                48.64016695044605
              ],
              [
                7.776242290647879,
                48.64004117962337
              ],
              [
                7.776249392887949,
                48.64001349778514
              ],
              [
                7.776253641654769,
                48.63999687141463
              ],
              [
                7.776255871739977,
                48.63998819589972
              ],
              [
                7.776255919375443,
                48.63998778237651
              ],
              [
                7.77624879082945,
                48.63969883553465
              ],
              [
                7.776247562039222,
                48.63964956819401
              ],
              [
                7.776247475084334,
                48.63964909882379
              ],
              [
                7.776148622531999,
                48.639366504139176
              ],
              [
                7.77614568691283,
                48.63936636791593
              ],
              [
                7.776112752612251,
                48.63942304390003
              ],
              [
                7.776112592012859,
                48.63942329695779
              ],
              [
                7.776015288123783,
                48.63956440561448
              ],
              [
                7.776015284579684,
                48.63956441074556
              ],
              [
                7.775956430745416,
                48.63964947679196
              ],
              [
                7.775954827791199,
                48.63965092962975
              ],
              [
                7.775861079380069,
                48.63970742996087
              ],
              [
                7.77586043795008,
                48.639707771820795
              ],
              [
                7.775755600109072,
                48.63975701893174
              ],
              [
                7.775755013036246,
                48.639757265774875
              ],
              [
                7.775601946675712,
                48.639814556842985
              ],
              [
                7.775601305636943,
                48.63981476803677
              ],
              [
                7.775420054458281,
                48.63986677192358
              ],
              [
                7.775418368893876,
                48.63986709195585
              ],
              [
                7.77528662245486,
                48.63988024039384
              ],
              [
                7.775220121430134,
                48.639886874512094
              ],
              [
                7.775219176815836,
                48.6398869244051
              ],
              [
                7.77481477075685,
                48.6398895111864
              ],
              [
                7.77481395199159,
                48.63988948360196
              ],
              [
                7.77458983836297,
                48.63987289387569
              ],
              [
                7.774588121959185,
                48.63987261326224
              ],
              [
                7.774432284916452,
                48.63983225964658
              ],
              [
                7.774431591127148,
                48.63983204948485
              ],
              [
                7.774227614067764,
                48.639760818092284
              ],
              [
                7.774226638330816,
                48.639760403168644
              ],
              [
                7.774129663033801,
                48.63971093406736
              ],
              [
                7.774058662269869,
                48.63967467269422
              ],
              [
                7.774057553155706,
                48.63967395890467
              ],
              [
                7.773993722066217,
                48.639622274526374
              ],
              [
                7.773929213851237,
                48.63957000792309
              ],
              [
                7.773928371677035,
                48.63956913797409
              ],
              [
                7.77387340926524,
                48.63949473433261
              ],
              [
                7.773823528567228,
                48.639427154675296
              ],
              [
                7.773769831540349,
                48.63935451003917
              ],
              [
                7.773769141263768,
                48.639352631746995
              ],
              [
                7.773763365502931,
                48.63918097308034
              ],
              [
                7.773761268882619,
                48.6391790977106
              ],
              [
                7.773689249367411,
                48.63916339955714
              ],
              [
                7.773688497521324,
                48.6391632379212
              ],
              [
                7.773684143168178,
                48.63915755854347
              ],
              [
                7.773751468357065,
                48.63902149004759
              ],
              [
                7.773898282182014,
                48.63872477977973
              ],
              [
                7.774194628784016,
                48.63812104966353
              ],
              [
                7.774194684222252,
                48.638120941416965
              ],
              [
                7.774236584284,
                48.63804242184503
              ],
              [
                7.774236609058632,
                48.63804237369186
              ],
              [
                7.774250019134056,
                48.63801531078634
              ],
              [
                7.77425048830131,
                48.63801458572677
              ],
              [
                7.774341262598053,
                48.63790259143271
              ],
              [
                7.77434210209862,
                48.63790178223791
              ],
              [
                7.774370750959505,
                48.63787976925279
              ],
              [
                7.774370457801332,
                48.63787714171591
              ],
              [
                7.773973168787133,
                48.63765016005446
              ],
              [
                7.773970807153844,
                48.637649641557736
              ],
              [
                7.773949513269987,
                48.63765065474412
              ],
              [
                7.773947766951071,
                48.63765108476907
              ],
              [
                7.773923820902299,
                48.637662896351806
              ],
              [
                7.773923209324355,
                48.63766328598094
              ],
              [
                7.773899521524241,
                48.637682727584874
              ],
              [
                7.773899379511564,
                48.63768284032402
              ],
              [
                7.773821455281391,
                48.637742687736996
              ],
              [
                7.773820579260347,
                48.6377432494796
              ],
              [
                7.773787645036064,
                48.63776086316286
              ],
              [
                7.773787067874897,
                48.63776113998635
              ],
              [
                7.773753796641909,
                48.63777539636753
              ],
              [
                7.773752967775125,
                48.637775899497335
              ],
              [
                7.773738344289526,
                48.63778834401641
              ],
              [
                7.77373279115722,
                48.63779007608417
              ],
              [
                7.773730619796855,
                48.637790033796946
              ],
              [
                7.773730237461766,
                48.63779001918566
              ],
              [
                7.773605471808355,
                48.637782905234545
              ],
              [
                7.773604672866643,
                48.63778282772329
              ],
              [
                7.772916085967445,
                48.63768799347044
              ],
              [
                7.772915604486887,
                48.637687914894265
              ],
              [
                7.772809887399044,
                48.63766792049678
              ],
              [
                7.772809750398967,
                48.637667893548624
              ],
              [
                7.772755556704038,
                48.637656820708735
              ],
              [
                7.772755257964355,
                48.63765675460124
              ],
              [
                7.772652460598915,
                48.63763223521645
              ],
              [
                7.772652109128995,
                48.6376321653688
              ],
              [
                7.772580088782243,
                48.63762062691512
              ],
              [
                7.772579088774422,
                48.63762056853422
              ],
              [
                7.772426029005905,
                48.6376268112647
              ],
              [
                7.77242579039583,
                48.63762682662205
              ],
              [
                7.772293586908377,
                48.637638473722596
              ],
              [
                7.772293034513186,
                48.63763850723003
              ],
              [
                7.772186969819764,
                48.63764205211425
              ],
              [
                7.772183330163137,
                48.63764149097854
              ],
              [
                7.772161865949358,
                48.63763358038493
              ],
              [
                7.772160023460255,
                48.637632585826
              ],
              [
                7.772049488829233,
                48.63754758002696
              ],
              [
                7.772049096374968,
                48.6375472479066
              ],
              [
                7.771899732291526,
                48.637407840626544
              ],
              [
                7.771897969760349,
                48.637407008627804
              ],
              [
                7.771848207282258,
                48.63739736530982
              ],
              [
                7.771845882977856,
                48.63739748742388
              ],
              [
                7.771797427236524,
                48.63741271141962
              ],
              [
                7.771795840593098,
                48.637413059001396
              ],
              [
                7.771559588271504,
                48.63744411307533
              ],
              [
                7.771447373206504,
                48.63745902918839
              ],
              [
                7.771446783173655,
                48.63745914544033
              ],
              [
                7.771382857717309,
                48.63747606676428
              ],
              [
                7.771380413291312,
                48.63747638730614
              ],
              [
                7.771239019124994,
                48.63747738833633
              ],
              [
                7.77123858246232,
                48.63747738211126
              ],
              [
                7.771170109777521,
                48.63747494304766
              ],
              [
                7.771167779300699,
                48.63747457973021
              ],
              [
                7.771106749787148,
                48.637457078750224
              ],
              [
                7.771106012221551,
                48.63745683085375
              ],
              [
                7.77093473262265,
                48.63739027287627
              ],
              [
                7.770845964039077,
                48.63735589248475
              ],
              [
                7.77084484581867,
                48.63735562109642
              ],
              [
                7.770738602873954,
                48.637343302380565
              ],
              [
                7.770738236088218,
                48.637343273391
              ],
              [
                7.770601730087952,
                48.63733745790718
              ],
              [
                7.770600937255847,
                48.637337392899575
              ],
              [
                7.770535053180805,
                48.637329357377496
              ],
              [
                7.77053399570809,
                48.63732916885969
              ],
              [
                7.770470339315989,
                48.637314076808224
              ],
              [
                7.770470088523355,
                48.637314013615025
              ],
              [
                7.770305012471364,
                48.63726992381118
              ],
              [
                7.770304162799296,
                48.63726977831602
              ],
              [
                7.770237496551825,
                48.637264334314324
              ],
              [
                7.770236474389463,
                48.63726435435295
              ],
              [
                7.770135410040687,
                48.637276663134685
              ],
              [
                7.770135214065459,
                48.63727669099295
              ],
              [
                7.769990054298276,
                48.63730031893228
              ],
              [
                7.769986283136727,
                48.63730021642095
              ],
              [
                7.769925121235008,
                48.63728665664435
              ],
              [
                7.76992225033521,
                48.63728541501053
              ],
              [
                7.7698679048925,
                48.637245751671514
              ],
              [
                7.769867544577924,
                48.63724552465528
              ],
              [
                7.769809397099685,
                48.637213932765654
              ],
              [
                7.769808862102561,
                48.63721369466458
              ],
              [
                7.769747677479694,
                48.637191750680415
              ],
              [
                7.769746818696446,
                48.63719153660198
              ],
              [
                7.769668146587776,
                48.63717968560542
              ],
              [
                7.769667709433854,
                48.6371796394021
              ],
              [
                7.769600223160241,
                48.6371754773192
              ],
              [
                7.769124197347272,
                48.637145813905775
              ],
              [
                7.76912236726846,
                48.63714552634974
              ],
              [
                7.769072292840754,
                48.637132584841964
              ],
              [
                7.769071988689768,
                48.637132500538456
              ],
              [
                7.769009403876559,
                48.637113957142404
              ],
              [
                7.769008671670903,
                48.63711370369401
              ],
              [
                7.768946058970698,
                48.63708870401103
              ],
              [
                7.768945944402825,
                48.63708866026059
              ],
              [
                7.768817737249941,
                48.63704188272201
              ],
              [
                7.768816671909526,
                48.63704163691122
              ],
              [
                7.768764089129242,
                48.63703576954439
              ],
              [
                7.768763061757782,
                48.63703576008446
              ],
              [
                7.768691647715466,
                48.637042382317325
              ],
              [
                7.76869083636148,
                48.63704252747918
              ],
              [
                7.768582584560103,
                48.63707187780523
              ],
              [
                7.768582377194276,
                48.637071931414155
              ],
              [
                7.768507083397652,
                48.63709045951768
              ],
              [
                7.76850398288649,
                48.63709071402917
              ],
              [
                7.76844626412311,
                48.637086525511116
              ],
              [
                7.768442839017934,
                48.6370856060963
              ],
              [
                7.768392442979896,
                48.637059651681106
              ],
              [
                7.768391016763132,
                48.637058650139586
              ],
              [
                7.768376070340577,
                48.637044256648835
              ],
              [
                7.768372343200584,
                48.63704459437474
              ],
              [
                7.768352739941939,
                48.637082398338464
              ],
              [
                7.768352710404541,
                48.63708245410506
              ],
              [
                7.768235946376831,
                48.63729835386717
              ],
              [
                7.76822805415443,
                48.637313297047164
              ],
              [
                7.768228042763164,
                48.63731331844225
              ],
              [
                7.768226665158588,
                48.637315885208324
              ],
              [
                7.767893644658493,
                48.63794707478539
              ],
              [
                7.767750436909255,
                48.63821844131481
              ],
              [
                7.767018440286983,
                48.63960551164821
              ],
              [
                7.766998876615763,
                48.63964264733773
              ],
              [
                7.767000737773297,
                48.63964500950941
              ],
              [
                7.767064948517243,
                48.639656898441636
              ],
              [
                7.767199174607547,
                48.63968179085375
              ],
              [
                7.767333716924071,
                48.639706715283275
              ],
              [
                7.767456374324786,
                48.63972944192522
              ],
              [
                7.767467911286903,
                48.63973158112722
              ],
              [
                7.767602242363068,
                48.639756432652526
              ],
              [
                7.767974318419745,
                48.63982541682329
              ],
              [
                7.768013220943219,
                48.639832631805
              ],
              [
                7.768116688739358,
                48.63985178449647
              ],
              [
                7.768158721154768,
                48.63985958340957
              ],
              [
                7.768204153167137,
                48.63986800788039
              ],
              [
                7.768345526124504,
                48.63989414652115
              ],
              [
                7.768659796189294,
                48.63995235531942
              ],
              [
                7.768973427878406,
                48.64001042709386
              ],
              [
                7.769182856485908,
                48.640049205044726
              ],
              [
                7.769392247815085,
                48.64008801130824
              ],
              [
                7.769601635536239,
                48.64012677236646
              ]
            ]
          ]
        ]
      }
    },
    {
      "type": "Feature",
      "properties": {
        "fid": 17,
        "acess_TC": "Moins de 5 minutes",
        "articu_piste_cyclable": "Absence",
        "acess_restauration": "Moins de 5 minutes",
        "acess_echangeur": "Plus de 20 minutes",
        "proximite_res_elect": "Moins de 400 m",
        "articu_zae_existante": "Moins de 400 m",
        "enjeux_forestier": "Oui",
        "expo_risq_inondation": "Non",
        "expo_risque_mvt_terrain": "Oui",
        "pres_zone_hum_res_biodiv": "Oui",
        "pente_moy_terrain": "Faible (< 10 %)",
        "posi_armature_urbaine": "Les Polarités",
        "maitrise_fonciere": "Mixte",
        "proximite_aep": "Moins de 400 m",
        "proximite_res_chauffage_urb": "Plus de 400 m",
        "std_acess_TC": 1.0,
        "std_articu_piste_cyclable": 0.5,
        "std_acess_restauration": 1.0,
        "std_acess_echangeur": 0.5,
        "std_posi_armature_urbaine": 0.75,
        "std_proximite_res_elect": 0.75,
        "std_articu_zae_existante": 1.0,
        "std_proximite_aep": 1.0,
        "std_proximite_res_chauffage_urb": 0.5,
        "std_enjeux_forestier": 0.25,
        "std_expo_risq_inondation": 1.0,
        "std_expo_risque_mvt_terrain": 0.25,
        "std_pres_zone_hum_res_biodiv": 0.25,
        "std_pente_moy_terrain": 1.0,
        "std_maitrise_fonciere": 0.75,
        "mf_attractivite_geog": 0.6968849805860305,
        "mf_aptitude_aux_rese": 0.868421052631579,
        "mf_enjeux_forestiers": 0.4796875,
        "mf_aptitude_physique": 0.8125,
        "score_final": 0.6120835688626316,
        "classe_apt": "Potentiel de mobilisation modéré",
        "rang": 9,
        "ID": 13,
        "commune": "Gerstheim",
        "epci": "CdC du Canton d'Erstein",
        "superficie_ha": 6.29
      },
      "geometry": {
        "type": "MultiPolygon",
        "coordinates": [
          [
            [
              [
                7.716192474837748,
                48.38486391407339
              ],
              [
                7.716192476788483,
                48.384863839240424
              ],
              [
                7.716193489264314,
                48.38483758417851
              ],
              [
                7.716193488601407,
                48.38483745350224
              ],
              [
                7.71618947328737,
                48.38475503289234
              ],
              [
                7.716187643044309,
                48.384753216068844
              ],
              [
                7.715794740273788,
                48.3846359598308
              ],
              [
                7.715793957404336,
                48.384635799006425
              ],
              [
                7.715358596877739,
                48.38458390226902
              ],
              [
                7.715246609067306,
                48.38457055355732
              ],
              [
                7.715246040003676,
                48.38457051851075
              ],
              [
                7.714634529903006,
                48.384567536628964
              ],
              [
                7.714339611804585,
                48.38456609822304
              ],
              [
                7.714336796109621,
                48.38456795108255
              ],
              [
                7.714336137211394,
                48.38465859384886
              ],
              [
                7.714337247727981,
                48.38466022314744
              ],
              [
                7.714405679158983,
                48.384699687674605
              ],
              [
                7.71448919799231,
                48.38474785130644
              ],
              [
                7.714491458609008,
                48.384750595309
              ],
              [
                7.714548486301758,
                48.38500793264285
              ],
              [
                7.714604572766039,
                48.38526101862487
              ],
              [
                7.714657497154925,
                48.38549983893923
              ],
              [
                7.714657029807015,
                48.3855022579899
              ],
              [
                7.714643649644715,
                48.38552319075305
              ],
              [
                7.714460639982863,
                48.38580949219671
              ],
              [
                7.714390459791133,
                48.38591928244202
              ],
              [
                7.714390445545721,
                48.38591930456317
              ],
              [
                7.714344784115196,
                48.38598968994231
              ],
              [
                7.714232642296913,
                48.3861625536157
              ],
              [
                7.714233111785704,
                48.386164701847854
              ],
              [
                7.714432404796665,
                48.386323269911074
              ],
              [
                7.714432653683068,
                48.38632348036559
              ],
              [
                7.714448205408554,
                48.386337468283855
              ],
              [
                7.714475264041048,
                48.38636180744342
              ],
              [
                7.714476653164121,
                48.38636253160834
              ],
              [
                7.714645582260117,
                48.38640940936538
              ],
              [
                7.714645735285488,
                48.38640945331327
              ],
              [
                7.714848536848376,
                48.38646968346495
              ],
              [
                7.714849000117352,
                48.386469794821735
              ],
              [
                7.714859236469614,
                48.386471705632594
              ],
              [
                7.714863485985018,
                48.38647249888559
              ],
              [
                7.715058194165628,
                48.3865071056596
              ],
              [
                7.715159116674559,
                48.38655319369598
              ],
              [
                7.715253410096581,
                48.386596254291305
              ],
              [
                7.71550349024001,
                48.38671045610025
              ],
              [
                7.716116086237132,
                48.38686613357323
              ],
              [
                7.716742766695266,
                48.38725548893097
              ],
              [
                7.716719754615599,
                48.38728101046364
              ],
              [
                7.717058247445363,
                48.387317997997386
              ],
              [
                7.717282602980075,
                48.38732708572578
              ],
              [
                7.717681013127072,
                48.387306526263956
              ],
              [
                7.7180482111149,
                48.387215647627734
              ],
              [
                7.718969475250332,
                48.38706709251022
              ],
              [
                7.718969474382661,
                48.38706708212796
              ],
              [
                7.718937640196722,
                48.38667806010091
              ],
              [
                7.718937534666551,
                48.38667761221371
              ],
              [
                7.718903046717174,
                48.38659016502738
              ],
              [
                7.718783912478321,
                48.386288100289924
              ],
              [
                7.718783495764286,
                48.38628746585027
              ],
              [
                7.718709121139155,
                48.3862098220684
              ],
              [
                7.718709078095445,
                48.386209778265375
              ],
              [
                7.71839941038977,
                48.38590251030933
              ],
              [
                7.718245421653078,
                48.38575152123135
              ],
              [
                7.718245378710625,
                48.385751478603986
              ],
              [
                7.717966309349612,
                48.38547100939656
              ],
              [
                7.717966290509751,
                48.3854709906666
              ],
              [
                7.71772757441512,
                48.38523621896502
              ],
              [
                7.717723610070397,
                48.38523581696082
              ],
              [
                7.717633402055455,
                48.38528374705108
              ],
              [
                7.717496721031343,
                48.38535636782277
              ],
              [
                7.717354491433024,
                48.3854319358462
              ],
              [
                7.717128404628448,
                48.38555205815103
              ],
              [
                7.71656441712536,
                48.385851707315865
              ],
              [
                7.716564310543862,
                48.38585176278843
              ],
              [
                7.716526892067058,
                48.38587083911707
              ],
              [
                7.716516295158349,
                48.38586602808533
              ],
              [
                7.71661236542618,
                48.3856426659928
              ],
              [
                7.716610607825421,
                48.385640357070955
              ],
              [
                7.716187809591167,
                48.38553651736299
              ],
              [
                7.71618339285877,
                48.38553225605398
              ],
              [
                7.716184122728063,
                48.3854785584858
              ],
              [
                7.716186256804845,
                48.38532142033714
              ],
              [
                7.716192266855216,
                48.384879233730295
              ],
              [
                7.716192474837748,
                48.38486391407339
              ]
            ]
          ]
        ]
      }
    },
    {
      "type": "Feature",
      "properties": {
        "fid": 20,
        "acess_TC": "Entre 5 et 10 minutes",
        "articu_piste_cyclable": "Acces direct",
        "acess_restauration": "Moins de 5 minutes",
        "acess_echangeur": "Moins de 10 minutes",
        "proximite_res_elect": "Plus de 400 m",
        "articu_zae_existante": "Moins de 400 m",
        "enjeux_forestier": "Non",
        "expo_risq_inondation": "Oui",
        "expo_risque_mvt_terrain": "Oui",
        "pres_zone_hum_res_biodiv": "Oui",
        "pente_moy_terrain": "Faible (< 10 %)",
        "posi_armature_urbaine": "Les Polarités",
        "maitrise_fonciere": "Privé",
        "proximite_aep": "Moins de 400 m",
        "proximite_res_chauffage_urb": "Plus de 400 m",
        "std_acess_TC": 0.75,
        "std_articu_piste_cyclable": 1.0,
        "std_acess_restauration": 1.0,
        "std_acess_echangeur": 1.0,
        "std_posi_armature_urbaine": 0.75,
        "std_proximite_res_elect": 0.5,
        "std_articu_zae_existante": 1.0,
        "std_proximite_aep": 1.0,
        "std_proximite_res_chauffage_urb": 0.5,
        "std_enjeux_forestier": 1.0,
        "std_expo_risq_inondation": 0.25,
        "std_expo_risque_mvt_terrain": 0.25,
        "std_pres_zone_hum_res_biodiv": 0.25,
        "std_pente_moy_terrain": 1.0,
        "std_maitrise_fonciere": 0.5,
        "mf_attractivite_geog": 0.8704480734108799,
        "mf_aptitude_aux_rese": 0.7711893369788106,
        "mf_enjeux_forestiers": 0.3578125,
        "mf_aptitude_physique": 0.625,
        "score_final": 0.5140955167086807,
        "classe_apt": "Potentiel de mobilisation modéré",
        "rang": 17,
        "ID": 14,
        "commune": "Plobsheim",
        "epci": "Eurométropole de Strasbourg",
        "superficie_ha": 20.74
      },
      "geometry": {
        "type": "MultiPolygon",
        "coordinates": [
          [
            [
              [
                7.720757061895346,
                48.47953154603848
              ],
              [
                7.720757121477098,
                48.479531712268745
              ],
              [
                7.720854222832949,
                48.47982742122024
              ],
              [
                7.720854299118773,
                48.47982761264247
              ],
              [
                7.720985772575305,
                48.48010714502886
              ],
              [
                7.720986107732169,
                48.48010763845917
              ],
              [
                7.72138188381602,
                48.48054139073848
              ],
              [
                7.721385348701546,
                48.48054224375518
              ],
              [
                7.721416134762005,
                48.480535546595306
              ],
              [
                7.722996042965108,
                48.48019222932168
              ],
              [
                7.7229965728168,
                48.480192129848966
              ],
              [
                7.72429370710349,
                48.47998609025406
              ],
              [
                7.724294118710025,
                48.47998603379409
              ],
              [
                7.724804769769441,
                48.4799269158723
              ],
              [
                7.724836213614243,
                48.47992327243476
              ],
              [
                7.725511882965083,
                48.479845059577414
              ],
              [
                7.725679173777658,
                48.4798256914969
              ],
              [
                7.726520071954798,
                48.47972833589385
              ],
              [
                7.726522451134122,
                48.479726310757144
              ],
              [
                7.726518376771048,
                48.479688850618885
              ],
              [
                7.726523329027721,
                48.47968418948941
              ],
              [
                7.726583171760859,
                48.47967323704392
              ],
              [
                7.72676862083575,
                48.479639322572815
              ],
              [
                7.726818957543818,
                48.47963011406782
              ],
              [
                7.727282598180671,
                48.47954532575728
              ],
              [
                7.728368158600853,
                48.47934677394076
              ],
              [
                7.728495258016221,
                48.479323519312345
              ],
              [
                7.729182029618589,
                48.479197932916364
              ],
              [
                7.729375086154881,
                48.47916262390513
              ],
              [
                7.729377308569719,
                48.479160790246276
              ],
              [
                7.729379109978908,
                48.479138716249
              ],
              [
                7.72942550672025,
                48.478571230588095
              ],
              [
                7.72943578708843,
                48.478445451288245
              ],
              [
                7.729457055178539,
                48.478185268007074
              ],
              [
                7.729479608172782,
                48.47790936340638
              ],
              [
                7.729500451379796,
                48.477654414541654
              ],
              [
                7.729510290818234,
                48.477533844971624
              ],
              [
                7.729552742613013,
                48.47700453272428
              ],
              [
                7.729550161203705,
                48.47700255873103
              ],
              [
                7.729535888142422,
                48.47700173925856
              ],
              [
                7.729535774307229,
                48.47700173400738
              ],
              [
                7.729511196788084,
                48.47700087694249
              ],
              [
                7.729393487078549,
                48.476996763842095
              ],
              [
                7.729320846640427,
                48.476994232195
              ],
              [
                7.729320752064356,
                48.47699422845713
              ],
              [
                7.729320608046818,
                48.476994222092046
              ],
              [
                7.729265454101238,
                48.476992307920355
              ],
              [
                7.729265410799244,
                48.476992306324945
              ],
              [
                7.729264327965662,
                48.47699226411435
              ],
              [
                7.729184522071342,
                48.476989537139225
              ],
              [
                7.729183836644065,
                48.47698949035711
              ],
              [
                7.729086328889128,
                48.476979476934275
              ],
              [
                7.729086248392925,
                48.47697947001737
              ],
              [
                7.729086083392663,
                48.47697945446306
              ],
              [
                7.729030522801067,
                48.476973751847574
              ],
              [
                7.728920486442122,
                48.47696246102237
              ],
              [
                7.728920230383705,
                48.47696243138923
              ],
              [
                7.728920080880096,
                48.47696241211321
              ],
              [
                7.728865773082932,
                48.47695684535493
              ],
              [
                7.728693267437818,
                48.476939147177525
              ],
              [
                7.728653492611487,
                48.4769350552811
              ],
              [
                7.728653412770341,
                48.476935046742135
              ],
              [
                7.728652939530435,
                48.47693499419819
              ],
              [
                7.728652897757287,
                48.47693498973845
              ],
              [
                7.728522415642237,
                48.47692161528602
              ],
              [
                7.728437514182362,
                48.476912896378295
              ],
              [
                7.728437311415945,
                48.476912873451774
              ],
              [
                7.728437189288547,
                48.476912858369516
              ],
              [
                7.728437087203603,
                48.47691284683432
              ],
              [
                7.728274083174356,
                48.47689613055966
              ],
              [
                7.728273539349633,
                48.476896104401575
              ],
              [
                7.728249690381467,
                48.476896240749085
              ],
              [
                7.728195499639073,
                48.47689655207392
              ],
              [
                7.727965405571895,
                48.47689785475506
              ],
              [
                7.727748260932188,
                48.47689908222329
              ],
              [
                7.727747959837435,
                48.47689907946906
              ],
              [
                7.727747919421606,
                48.47689907850084
              ],
              [
                7.727530730343287,
                48.476900312453246
              ],
              [
                7.727530630162603,
                48.47690031478091
              ],
              [
                7.727530452081224,
                48.4769003173585
              ],
              [
                7.727247170907341,
                48.47690193701752
              ],
              [
                7.726971074214707,
                48.47690349680161
              ],
              [
                7.72697081137439,
                48.47690350290378
              ],
              [
                7.72697063355288,
                48.47690350547659
              ],
              [
                7.726874007874585,
                48.476904058699056
              ],
              [
                7.726639647936577,
                48.47690538870403
              ],
              [
                7.726518507222969,
                48.476906080046845
              ],
              [
                7.72628100460013,
                48.476907409633235
              ],
              [
                7.726280595524409,
                48.47690740369538
              ],
              [
                7.726228269850905,
                48.47690559036866
              ],
              [
                7.726228022699328,
                48.47690558781867
              ],
              [
                7.726140120804404,
                48.4769068177215
              ],
              [
                7.725976983672615,
                48.476909103493355
              ],
              [
                7.725976442445265,
                48.476909140219234
              ],
              [
                7.725965255202059,
                48.47691051175539
              ],
              [
                7.725730406511886,
                48.4769393654028
              ],
              [
                7.725730338982002,
                48.47693937417266
              ],
              [
                7.72559957915602,
                48.476957275285166
              ],
              [
                7.725599189536548,
                48.4769573207731
              ],
              [
                7.72557630114461,
                48.476959536485026
              ],
              [
                7.725568564997363,
                48.47695523412909
              ],
              [
                7.725555930407991,
                48.47670135294011
              ],
              [
                7.725552835247269,
                48.47669963254399
              ],
              [
                7.723039459645938,
                48.476943836244985
              ],
              [
                7.723037109322978,
                48.47694596783289
              ],
              [
                7.723049551123142,
                48.47699706693002
              ],
              [
                7.723062548083147,
                48.47705040015614
              ],
              [
                7.723075610237998,
                48.477104000290446
              ],
              [
                7.723088769611095,
                48.47715806550941
              ],
              [
                7.723101102573934,
                48.47720868719581
              ],
              [
                7.723096361421887,
                48.477213716166005
              ],
              [
                7.723068957207056,
                48.47721916093598
              ],
              [
                7.721684959387188,
                48.47749379858872
              ],
              [
                7.721684882955813,
                48.477493814412334
              ],
              [
                7.720770058701546,
                48.477691131710024
              ],
              [
                7.72070492417796,
                48.47770518459567
              ],
              [
                7.720138493848345,
                48.47782736585277
              ],
              [
                7.720108584410404,
                48.477833816171255
              ],
              [
                7.720108143263068,
                48.477833934731045
              ],
              [
                7.720081190996555,
                48.477842693245634
              ],
              [
                7.720079688434534,
                48.4778450168772
              ],
              [
                7.720206390712028,
                48.47811344730205
              ],
              [
                7.720206638833199,
                48.478114185215134
              ],
              [
                7.720253643306972,
                48.47834291006142
              ],
              [
                7.720253760265903,
                48.47834326361921
              ],
              [
                7.720518647677065,
                48.47891829630169
              ],
              [
                7.720518729011408,
                48.47891848791114
              ],
              [
                7.720757061895346,
                48.47953154603848
              ]
            ]
          ]
        ]
      }
    },
    {
      "type": "Feature",
      "properties": {
        "fid": 24,
        "acess_TC": "Plus de 10 minutes",
        "articu_piste_cyclable": "Acces direct",
        "acess_restauration": "Moins de 5 minutes",
        "acess_echangeur": "Moins de 10 minutes",
        "proximite_res_elect": "Plus de 400 m",
        "articu_zae_existante": "Moins de 400 m",
        "enjeux_forestier": "Non",
        "expo_risq_inondation": "Oui",
        "expo_risque_mvt_terrain": "Oui",
        "pres_zone_hum_res_biodiv": "Oui",
        "pente_moy_terrain": "Faible (< 10 %)",
        "posi_armature_urbaine": "Les Polarités",
        "maitrise_fonciere": "Public",
        "proximite_aep": "Plus de 400 m",
        "proximite_res_chauffage_urb": "Plus de 400 m",
        "std_acess_TC": 0.5,
        "std_articu_piste_cyclable": 1.0,
        "std_acess_restauration": 1.0,
        "std_acess_echangeur": 1.0,
        "std_posi_armature_urbaine": 0.75,
        "std_proximite_res_elect": 0.5,
        "std_articu_zae_existante": 1.0,
        "std_proximite_aep": 0.5,
        "std_proximite_res_chauffage_urb": 0.5,
        "std_enjeux_forestier": 1.0,
        "std_expo_risq_inondation": 0.25,
        "std_expo_risque_mvt_terrain": 0.25,
        "std_pres_zone_hum_res_biodiv": 0.25,
        "std_pente_moy_terrain": 1.0,
        "std_maitrise_fonciere": 1.0,
        "mf_attractivite_geog": 0.8279927723021557,
        "mf_aptitude_aux_rese": 0.5767259056732741,
        "mf_enjeux_forestiers": 0.3578125,
        "mf_aptitude_physique": 1.0,
        "score_final": 0.5847905430532618,
        "classe_apt": "Potentiel de mobilisation modéré",
        "rang": 10,
        "ID": 15,
        "commune": "Holtzheim",
        "epci": "Eurométropole de Strasbourg",
        "superficie_ha": 24.22
      },
      "geometry": {
        "type": "MultiPolygon",
        "coordinates": [
          [
            [
              [
                7.626420218955268,
                48.54779785754035
              ],
              [
                7.626719559170752,
                48.5483348215667
              ],
              [
                7.626904776488624,
                48.54866707396477
              ],
              [
                7.626907975862546,
                48.54866833929271
              ],
              [
                7.628046880468275,
                48.54856035328679
              ],
              [
                7.62804696839209,
                48.54856034533954
              ],
              [
                7.629340966622625,
                48.54844910260197
              ],
              [
                7.629341112441857,
                48.548449087915365
              ],
              [
                7.629488247300847,
                48.54843208495469
              ],
              [
                7.629648262192858,
                48.548413580345155
              ],
              [
                7.629648265025877,
                48.5484135794675
              ],
              [
                7.629703376220438,
                48.548407196297944
              ],
              [
                7.629711122046084,
                48.54841056192997
              ],
              [
                7.630233005999867,
                48.549831937799304
              ],
              [
                7.630234057356214,
                48.549833079069046
              ],
              [
                7.630333431030924,
                48.54989002618781
              ],
              [
                7.630334319211692,
                48.549890392715696
              ],
              [
                7.635622950496935,
                48.55137550605887
              ],
              [
                7.635622950507988,
                48.551375506057596
              ],
              [
                7.636830602110479,
                48.55171458234777
              ],
              [
                7.638005906799878,
                48.552044552305915
              ],
              [
                7.641096366031051,
                48.552912153053235
              ],
              [
                7.641099664846585,
                48.552911774044475
              ],
              [
                7.641127183571809,
                48.55289499960928
              ],
              [
                7.64112803335121,
                48.55289284987948
              ],
              [
                7.639840092457588,
                48.55026635670488
              ],
              [
                7.639840050719519,
                48.55026626851525
              ],
              [
                7.639764821868374,
                48.55010140948742
              ],
              [
                7.639764686124086,
                48.55010106282154
              ],
              [
                7.6397006299472,
                48.549905857509344
              ],
              [
                7.639677911747873,
                48.549836641340626
              ],
              [
                7.639676038931996,
                48.54983514327894
              ],
              [
                7.639578531098024,
                48.549807787211634
              ],
              [
                7.639578387307644,
                48.5498077494157
              ],
              [
                7.638533983252175,
                48.54955137044789
              ],
              [
                7.637828193184474,
                48.54937871414828
              ],
              [
                7.637828115876253,
                48.549378694880104
              ],
              [
                7.636919157920891,
                48.54914793711806
              ],
              [
                7.63691911409587,
                48.54914792622175
              ],
              [
                7.636522643127824,
                48.54905141796116
              ],
              [
                7.636522642707051,
                48.54905141802031
              ],
              [
                7.635667002720695,
                48.54884318918351
              ],
              [
                7.635666861100454,
                48.54884315352077
              ],
              [
                7.635361655418412,
                48.548763693853815
              ],
              [
                7.635295010408329,
                48.54874634514527
              ],
              [
                7.635294966762222,
                48.54874633401364
              ],
              [
                7.634269562381451,
                48.548490184153366
              ],
              [
                7.634176324087211,
                48.54846723840592
              ],
              [
                7.634176317607985,
                48.548467236808904
              ],
              [
                7.63327220590326,
                48.548244035150915
              ],
              [
                7.632067132956171,
                48.54794731553592
              ],
              [
                7.632067093945365,
                48.54794730583952
              ],
              [
                7.631029152678981,
                48.547686894333076
              ],
              [
                7.630155341322345,
                48.54747420149654
              ],
              [
                7.630151742230635,
                48.54747532547525
              ],
              [
                7.630127832984637,
                48.54752018874027
              ],
              [
                7.630119045684911,
                48.54752289416402
              ],
              [
                7.629715528435964,
                48.54742133990405
              ],
              [
                7.628969911245092,
                48.54723508292303
              ],
              [
                7.628373115081565,
                48.54708599984714
              ],
              [
                7.628369612393682,
                48.54708737262727
              ],
              [
                7.62828252018294,
                48.54748488444219
              ],
              [
                7.628171650329558,
                48.54799095133304
              ],
              [
                7.628163798070092,
                48.54799473657342
              ],
              [
                7.626422717687639,
                48.54779586104499
              ],
              [
                7.626420218955268,
                48.54779785754035
              ]
            ]
          ]
        ]
      }
    },
    {
      "type": "Feature",
      "properties": {
        "fid": 26,
        "acess_TC": "Plus de 10 minutes",
        "articu_piste_cyclable": "Acces direct",
        "acess_restauration": "Moins de 5 minutes",
        "acess_echangeur": "Moins de 10 minutes",
        "proximite_res_elect": "Moins de 400 m",
        "articu_zae_existante": "Moins de 400 m",
        "enjeux_forestier": "Non",
        "expo_risq_inondation": "Oui",
        "expo_risque_mvt_terrain": "Oui",
        "pres_zone_hum_res_biodiv": "Oui",
        "pente_moy_terrain": "Faible (< 10 %)",
        "posi_armature_urbaine": "Les Polarités",
        "maitrise_fonciere": "Mixte",
        "proximite_aep": "Moins de 400 m",
        "proximite_res_chauffage_urb": "Plus de 400 m",
        "std_acess_TC": 0.5,
        "std_articu_piste_cyclable": 1.0,
        "std_acess_restauration": 1.0,
        "std_acess_echangeur": 1.0,
        "std_posi_armature_urbaine": 0.75,
        "std_proximite_res_elect": 0.75,
        "std_articu_zae_existante": 1.0,
        "std_proximite_aep": 1.0,
        "std_proximite_res_chauffage_urb": 0.5,
        "std_enjeux_forestier": 1.0,
        "std_expo_risq_inondation": 0.25,
        "std_expo_risque_mvt_terrain": 0.25,
        "std_pres_zone_hum_res_biodiv": 0.25,
        "std_pente_moy_terrain": 1.0,
        "std_maitrise_fonciere": 0.75,
        "mf_attractivite_geog": 0.8279927723021557,
        "mf_aptitude_aux_rese": 0.868421052631579,
        "mf_enjeux_forestiers": 0.3578125,
        "mf_aptitude_physique": 0.8125,
        "score_final": 0.5595497603344001,
        "classe_apt": "Potentiel de mobilisation modéré",
        "rang": 12,
        "ID": 16,
        "commune": "Holtzheim",
        "epci": "Eurométropole de Strasbourg",
        "superficie_ha": 8.61
      },
      "geometry": {
        "type": "MultiPolygon",
        "coordinates": [
          [
            [
              [
                7.6595859,
                48.5640644
              ],
              [
                7.658798349069807,
                48.56397686675682
              ],
              [
                7.658593037701799,
                48.56394470209177
              ],
              [
                7.6584119,
                48.56391020000003
              ],
              [
                7.658154,
                48.56385
              ],
              [
                7.6580608,
                48.563844899999985
              ],
              [
                7.657918,
                48.5639026
              ],
              [
                7.6577474,
                48.56385859999999
              ],
              [
                7.6575363,
                48.56422330000002
              ],
              [
                7.6568127,
                48.5637843
              ],
              [
                7.6568334,
                48.563298
              ],
              [
                7.6566061,
                48.56315579999998
              ],
              [
                7.65661,
                48.5631358
              ],
              [
                7.6565713,
                48.563094800000016
              ],
              [
                7.6565418,
                48.5630449
              ],
              [
                7.6565244,
                48.5629657
              ],
              [
                7.656526,
                48.562916700000024
              ],
              [
                7.6555662,
                48.56302690000002
              ],
              [
                7.6553772,
                48.56291210000001
              ],
              [
                7.655237173948413,
                48.56283645931036
              ],
              [
                7.655236960254726,
                48.56283936600799
              ],
              [
                7.655217507951363,
                48.56287186194495
              ],
              [
                7.655209313134972,
                48.56287451896869
              ],
              [
                7.655188049409809,
                48.562872203819154
              ],
              [
                7.655166761623918,
                48.56290758494912
              ],
              [
                7.655166740079104,
                48.562907620321084
              ],
              [
                7.654914656000988,
                48.56331648564861
              ],
              [
                7.6547412054909,
                48.56359780996583
              ],
              [
                7.654648944337042,
                48.563747446779885
              ],
              [
                7.654430855464764,
                48.564101159461224
              ],
              [
                7.654080785319491,
                48.564668921486536
              ],
              [
                7.6541981,
                48.56471329999999
              ],
              [
                7.6548094,
                48.5649954
              ],
              [
                7.655366066584087,
                48.56524608218654
              ],
              [
                7.6563245,
                48.565671399999985
              ],
              [
                7.6565558,
                48.5658002
              ],
              [
                7.6572505,
                48.5660505
              ],
              [
                7.6581098,
                48.5664826
              ],
              [
                7.658420661676483,
                48.56639900166574
              ],
              [
                7.658420756758819,
                48.566398895242074
              ],
              [
                7.658432809500289,
                48.56638451728597
              ],
              [
                7.658432899014802,
                48.56638440290353
              ],
              [
                7.658454583081807,
                48.56635463894611
              ],
              [
                7.658454656604733,
                48.56635453084068
              ],
              [
                7.658464229477458,
                48.56633940336144
              ],
              [
                7.65846430204934,
                48.56633927837665
              ],
              [
                7.658480767534142,
                48.56630819162528
              ],
              [
                7.658480838242189,
                48.56630804154755
              ],
              [
                7.658494023728073,
                48.566276184091265
              ],
              [
                7.658494118490417,
                48.56627597512232
              ],
              [
                7.659029220771047,
                48.56519196714213
              ],
              [
                7.659052353772021,
                48.56514508976879
              ],
              [
                7.659088939229124,
                48.56507096801267
              ],
              [
                7.65914745568347,
                48.564952422892425
              ],
              [
                7.659192290013894,
                48.56486158162859
              ],
              [
                7.659214608866286,
                48.56481634976821
              ],
              [
                7.659257920025003,
                48.56472860572357
              ],
              [
                7.659293896843176,
                48.564655706735735
              ],
              [
                7.659387198166351,
                48.564466689253216
              ],
              [
                7.659410189347506,
                48.56442005200711
              ],
              [
                7.659426793118702,
                48.564386427746975
              ],
              [
                7.6595859,
                48.5640644
              ]
            ]
          ]
        ]
      }
    },
    {
      "type": "Feature",
      "properties": {
        "fid": 36,
        "acess_TC": "Plus de 10 minutes",
        "articu_piste_cyclable": "Acces direct",
        "acess_restauration": "Entre 5 et 10 minutes",
        "acess_echangeur": "Moins de 10 minutes",
        "proximite_res_elect": "Plus de 400 m",
        "articu_zae_existante": "Moins de 400 m",
        "enjeux_forestier": "Oui",
        "expo_risq_inondation": "Oui",
        "expo_risque_mvt_terrain": "Oui",
        "pres_zone_hum_res_biodiv": "Oui",
        "pente_moy_terrain": "Faible (< 10 %)",
        "posi_armature_urbaine": "Les Polarités",
        "maitrise_fonciere": "Mixte",
        "proximite_aep": "Moins de 400 m",
        "proximite_res_chauffage_urb": "Plus de 400 m",
        "std_acess_TC": 0.5,
        "std_articu_piste_cyclable": 1.0,
        "std_acess_restauration": 0.75,
        "std_acess_echangeur": 1.0,
        "std_posi_armature_urbaine": 0.75,
        "std_proximite_res_elect": 0.5,
        "std_articu_zae_existante": 1.0,
        "std_proximite_aep": 1.0,
        "std_proximite_res_chauffage_urb": 0.5,
        "std_enjeux_forestier": 0.25,
        "std_expo_risq_inondation": 0.25,
        "std_expo_risque_mvt_terrain": 0.25,
        "std_pres_zone_hum_res_biodiv": 0.25,
        "std_pente_moy_terrain": 1.0,
        "std_maitrise_fonciere": 0.75,
        "mf_attractivite_geog": 0.8155538958580626,
        "mf_aptitude_aux_rese": 0.7711893369788106,
        "mf_enjeux_forestiers": 0.25,
        "mf_aptitude_physique": 0.8125,
        "score_final": 0.4902219039781962,
        "classe_apt": "Potentiel de mobilisation modéré",
        "rang": 21,
        "ID": 17,
        "commune": "Hangenbieten",
        "epci": "Eurométropole de Strasbourg",
        "superficie_ha": 29.82
      },
      "geometry": {
        "type": "MultiPolygon",
        "coordinates": [
          [
            [
              [
                7.60947425972797,
                48.54547061424271
              ],
              [
                7.60947512343078,
                48.54547085429696
              ],
              [
                7.609510319185064,
                48.5454825959092
              ],
              [
                7.609568125034074,
                48.54550190255909
              ],
              [
                7.609915104782581,
                48.5456176994527
              ],
              [
                7.610639090006838,
                48.54585932143181
              ],
              [
                7.611087974060178,
                48.54600911828807
              ],
              [
                7.612021970791067,
                48.54632080718287
              ],
              [
                7.613011238588115,
                48.54665092162071
              ],
              [
                7.613307100377655,
                48.546749660179195
              ],
              [
                7.613359568627908,
                48.54676716320197
              ],
              [
                7.613359842910716,
                48.54676724478747
              ],
              [
                7.61391943996695,
                48.54691425983701
              ],
              [
                7.613919504919885,
                48.54691427715921
              ],
              [
                7.614045776620135,
                48.546948456346165
              ],
              [
                7.61480385049168,
                48.547151017917095
              ],
              [
                7.614807490759492,
                48.547149893364086
              ],
              [
                7.614981969703257,
                48.54679704276134
              ],
              [
                7.614990986808821,
                48.54679428723565
              ],
              [
                7.616623296499042,
                48.54724088426399
              ],
              [
                7.616778649888401,
                48.54728278652399
              ],
              [
                7.616782297311243,
                48.547281678050126
              ],
              [
                7.616817887917143,
                48.54721187398605
              ],
              [
                7.616818002231333,
                48.547211589674234
              ],
              [
                7.616909081628439,
                48.54690594748263
              ],
              [
                7.616918989090865,
                48.546902878528776
              ],
              [
                7.617004409663036,
                48.546575971579394
              ],
              [
                7.617911955141012,
                48.54515314706739
              ],
              [
                7.618289739127962,
                48.54456613909437
              ],
              [
                7.618319267306204,
                48.54453904729421
              ],
              [
                7.618319204634928,
                48.54453903915367
              ],
              [
                7.618288667340509,
                48.5445260219324
              ],
              [
                7.618288037413611,
                48.54452581198527
              ],
              [
                7.617070527041938,
                48.544221197402244
              ],
              [
                7.617067014133583,
                48.54422255706562
              ],
              [
                7.617065972216786,
                48.54422698675026
              ],
              [
                7.617056896227742,
                48.544230502907446
              ],
              [
                7.614836545624837,
                48.54367632411443
              ],
              [
                7.61410728770207,
                48.543499680457934
              ],
              [
                7.614103103560021,
                48.54349420194499
              ],
              [
                7.614141072501607,
                48.543407290428654
              ],
              [
                7.614139331478831,
                48.543404978154356
              ],
              [
                7.613435463241998,
                48.54322840094835
              ],
              [
                7.612502314952909,
                48.54299536048161
              ],
              [
                7.612502300447321,
                48.542995356846376
              ],
              [
                7.611590978704992,
                48.54276617574052
              ],
              [
                7.611590894045762,
                48.54276615530046
              ],
              [
                7.610851270331745,
                48.54259493867511
              ],
              [
                7.610851088115589,
                48.542594900287625
              ],
              [
                7.610212044871282,
                48.54247334298102
              ],
              [
                7.610211884118677,
                48.54247331521639
              ],
              [
                7.610168393044876,
                48.542466555204996
              ],
              [
                7.610165401361855,
                48.54246835707439
              ],
              [
                7.610181673359794,
                48.54254940971723
              ],
              [
                7.610173465872301,
                48.54255439119846
              ],
              [
                7.609045483613753,
                48.542385098798896
              ],
              [
                7.609045178375549,
                48.54238506265271
              ],
              [
                7.60811802194407,
                48.5423041522492
              ],
              [
                7.60811785125014,
                48.54230414026604
              ],
              [
                7.607648208339719,
                48.54227914248911
              ],
              [
                7.607123742487564,
                48.54225221497471
              ],
              [
                7.607123477322228,
                48.542252208285866
              ],
              [
                7.60658095562451,
                48.542252650262924
              ],
              [
                7.606580830244511,
                48.54225265190657
              ],
              [
                7.60599949509497,
                48.54226742533362
              ],
              [
                7.605996687326373,
                48.54226898547789
              ],
              [
                7.605990210290124,
                48.54228863456115
              ],
              [
                7.605984198807429,
                48.54229215262933
              ],
              [
                7.605909925478968,
                48.54229657854689
              ],
              [
                7.605909695375563,
                48.54229659755215
              ],
              [
                7.605777889907468,
                48.54231054204599
              ],
              [
                7.605777778077361,
                48.54231055324227
              ],
              [
                7.605646849534512,
                48.54232292018189
              ],
              [
                7.605644293128631,
                48.54232452883749
              ],
              [
                7.605375535613206,
                48.54322789108933
              ],
              [
                7.605375908115295,
                48.54322939536948
              ],
              [
                7.605442682982022,
                48.54330665967722
              ],
              [
                7.60544271318679,
                48.54330669499513
              ],
              [
                7.605538456746309,
                48.54341983254409
              ],
              [
                7.60559683665448,
                48.5434881873855
              ],
              [
                7.60559728236198,
                48.54348859465181
              ],
              [
                7.605619283858551,
                48.54350456435591
              ],
              [
                7.605619839118348,
                48.54350502467492
              ],
              [
                7.60655806539606,
                48.54439690586252
              ],
              [
                7.606558384384357,
                48.54439723939121
              ],
              [
                7.606613083416818,
                48.544460401069315
              ],
              [
                7.606613088438007,
                48.54446040687735
              ],
              [
                7.606667743468038,
                48.54452373557741
              ],
              [
                7.606777328897421,
                48.544650273944
              ],
              [
                7.606777723050922,
                48.544650807934794
              ],
              [
                7.60683051636558,
                48.54473619616069
              ],
              [
                7.606852926521114,
                48.54477202909932
              ],
              [
                7.606852946258897,
                48.54477206000577
              ],
              [
                7.606852981352827,
                48.54477211383611
              ],
              [
                7.606853016483323,
                48.54477216871766
              ],
              [
                7.606917289602005,
                48.544874455547124
              ],
              [
                7.606917720986313,
                48.5448754529662
              ],
              [
                7.606921530073508,
                48.5448907332579
              ],
              [
                7.606923664363167,
                48.54489236851322
              ],
              [
                7.607018587792038,
                48.54491232910691
              ],
              [
                7.607018966006912,
                48.54491241689069
              ],
              [
                7.607182634922986,
                48.54495405019887
              ],
              [
                7.607182757745451,
                48.54495407965156
              ],
              [
                7.60947425972797,
                48.54547061424271
              ]
            ]
          ]
        ]
      }
    },
    {
      "type": "Feature",
      "properties": {
        "fid": 41,
        "acess_TC": "Plus de 10 minutes",
        "articu_piste_cyclable": "Acces direct",
        "acess_restauration": "Moins de 5 minutes",
        "acess_echangeur": "Moins de 10 minutes",
        "proximite_res_elect": "Moins de 400 m",
        "articu_zae_existante": "Moins de 400 m",
        "enjeux_forestier": "Oui",
        "expo_risq_inondation": "Oui",
        "expo_risque_mvt_terrain": "Oui",
        "pres_zone_hum_res_biodiv": "Oui",
        "pente_moy_terrain": "Faible (< 10 %)",
        "posi_armature_urbaine": "Coeur métropolitain",
        "maitrise_fonciere": "Public",
        "proximite_aep": "Moins de 400 m",
        "proximite_res_chauffage_urb": "Plus de 400 m",
        "std_acess_TC": 0.5,
        "std_articu_piste_cyclable": 1.0,
        "std_acess_restauration": 1.0,
        "std_acess_echangeur": 1.0,
        "std_posi_armature_urbaine": 1.0,
        "std_proximite_res_elect": 0.75,
        "std_articu_zae_existante": 1.0,
        "std_proximite_aep": 1.0,
        "std_proximite_res_chauffage_urb": 0.5,
        "std_enjeux_forestier": 0.25,
        "std_expo_risq_inondation": 0.25,
        "std_expo_risque_mvt_terrain": 0.25,
        "std_pres_zone_hum_res_biodiv": 0.25,
        "std_pente_moy_terrain": 1.0,
        "std_maitrise_fonciere": 1.0,
        "mf_attractivite_geog": 0.9150893977825514,
        "mf_aptitude_aux_rese": 0.868421052631579,
        "mf_enjeux_forestiers": 0.25,
        "mf_aptitude_physique": 1.0,
        "score_final": 0.553857194015027,
        "classe_apt": "Potentiel de mobilisation modéré",
        "rang": 13,
        "ID": 18,
        "commune": "Eckbolsheim",
        "epci": "Eurométropole de Strasbourg",
        "superficie_ha": 41.01
      },
      "geometry": {
        "type": "MultiPolygon",
        "coordinates": [
          [
            [
              [
                7.673369550218732,
                48.59518638041281
              ],
              [
                7.673410142293057,
                48.595222180192636
              ],
              [
                7.673410579008276,
                48.595222615995674
              ],
              [
                7.67347186247031,
                48.59529224438381
              ],
              [
                7.673580128025564,
                48.595413001334514
              ],
              [
                7.673580138959348,
                48.5954130135738
              ],
              [
                7.673633723804711,
                48.59547321327895
              ],
              [
                7.673767628527931,
                48.59562359757663
              ],
              [
                7.673852744912995,
                48.595718327869434
              ],
              [
                7.674055353317893,
                48.595943856823794
              ],
              [
                7.674052897166556,
                48.595950062490935
              ],
              [
                7.674011828909914,
                48.5959656565655
              ],
              [
                7.673978803799481,
                48.59597821220389
              ],
              [
                7.672569746078009,
                48.59651340261229
              ],
              [
                7.672509811319033,
                48.59653616699382
              ],
              [
                7.672487902688948,
                48.59654448088809
              ],
              [
                7.672486584455488,
                48.59654682331291
              ],
              [
                7.673251139129017,
                48.59799604429797
              ],
              [
                7.673248125085732,
                48.59800142649254
              ],
              [
                7.673171436171772,
                48.59803074579768
              ],
              [
                7.673170124981311,
                48.59803308667682
              ],
              [
                7.673177337338969,
                48.5980467636643
              ],
              [
                7.673181150326616,
                48.598047702912424
              ],
              [
                7.675298248283559,
                48.5972377836959
              ],
              [
                7.675301772850081,
                48.597237183009064
              ],
              [
                7.675465724932194,
                48.59723937646156
              ],
              [
                7.675468446494111,
                48.597238385682346
              ],
              [
                7.675469095208965,
                48.59723844198078
              ],
              [
                7.675511587773141,
                48.59721943933649
              ],
              [
                7.675520667377562,
                48.59722035414758
              ],
              [
                7.67563063059997,
                48.59731127366931
              ],
              [
                7.675632320942934,
                48.59731201379091
              ],
              [
                7.675655835020406,
                48.59731636748396
              ],
              [
                7.675786380558979,
                48.59734055068857
              ],
              [
                7.67579022176644,
                48.59734241100342
              ],
              [
                7.675969838416349,
                48.5975235470613
              ],
              [
                7.675969980975998,
                48.5975236971951
              ],
              [
                7.676165710046105,
                48.59773913390456
              ],
              [
                7.676165817946013,
                48.59773925703698
              ],
              [
                7.676295222376889,
                48.59789246233926
              ],
              [
                7.676295534588464,
                48.597892881734374
              ],
              [
                7.676455923809304,
                48.59813992192976
              ],
              [
                7.676456026220029,
                48.59814008879016
              ],
              [
                7.676497948057293,
                48.59821251390392
              ],
              [
                7.676500361101699,
                48.598213825773776
              ],
              [
                7.676564349671225,
                48.59822106720482
              ],
              [
                7.679011319595754,
                48.59849800716384
              ],
              [
                7.679014567174753,
                48.59849650428481
              ],
              [
                7.67901785472272,
                48.59848475155133
              ],
              [
                7.679025661327658,
                48.59848113838414
              ],
              [
                7.679096558202352,
                48.59848915504347
              ],
              [
                7.67909980236267,
                48.5984876418202
              ],
              [
                7.679416043212278,
                48.597309162151916
              ],
              [
                7.679424168011438,
                48.59730555658082
              ],
              [
                7.679443227769791,
                48.597308322116
              ],
              [
                7.682248121154136,
                48.597715245921556
              ],
              [
                7.682251467118334,
                48.597713831875446
              ],
              [
                7.682256829063277,
                48.597697995465126
              ],
              [
                7.682403835047266,
                48.597264283725
              ],
              [
                7.68245358155126,
                48.59711754776793
              ],
              [
                7.68246267390109,
                48.5971143477098
              ],
              [
                7.682821971870271,
                48.59720786548688
              ],
              [
                7.682824927273766,
                48.59720936057664
              ],
              [
                7.682877752129752,
                48.59725626421099
              ],
              [
                7.682879075763736,
                48.59725857177823
              ],
              [
                7.682934160836862,
                48.597684783889555
              ],
              [
                7.682933998533435,
                48.59768621724638
              ],
              [
                7.682908973990217,
                48.59775540703607
              ],
              [
                7.682890479919982,
                48.597806534037574
              ],
              [
                7.682892233958976,
                48.597808784363885
              ],
              [
                7.684564041549531,
                48.598252953946485
              ],
              [
                7.68456739038724,
                48.59825145904562
              ],
              [
                7.684567469751635,
                48.598241069084395
              ],
              [
                7.68457680050389,
                48.598236924423944
              ],
              [
                7.684641635018379,
                48.59825437783998
              ],
              [
                7.684644986556445,
                48.598252888683724
              ],
              [
                7.684651980001086,
                48.59728718095379
              ],
              [
                7.684650443020534,
                48.597285375668335
              ],
              [
                7.684629698878731,
                48.59727716796225
              ],
              [
                7.684629213219607,
                48.597277009245616
              ],
              [
                7.684575237430825,
                48.59726280355362
              ],
              [
                7.682681502097343,
                48.59676430699499
              ],
              [
                7.682606817022586,
                48.596744640264006
              ],
              [
                7.682604251718547,
                48.59674468866055
              ],
              [
                7.682570449096945,
                48.59675510167792
              ],
              [
                7.682561063643282,
                48.59674980954246
              ],
              [
                7.682668208605694,
                48.596496052854114
              ],
              [
                7.683056251907145,
                48.59557796140182
              ],
              [
                7.683056345706202,
                48.595577060187544
              ],
              [
                7.683045766353135,
                48.595525579957375
              ],
              [
                7.683045320891339,
                48.59552473762227
              ],
              [
                7.683001679154474,
                48.59547636529022
              ],
              [
                7.683000157740436,
                48.595475479403554
              ],
              [
                7.682933701670043,
                48.595456354856246
              ],
              [
                7.682933634353747,
                48.595456336053054
              ],
              [
                7.682397657427267,
                48.595311111112125
              ],
              [
                7.68239344262651,
                48.5953068498012
              ],
              [
                7.68240448412192,
                48.594969670119
              ],
              [
                7.682411306114417,
                48.59476184961674
              ],
              [
                7.682424478972648,
                48.594284004364546
              ],
              [
                7.682424495067764,
                48.594283766174556
              ],
              [
                7.682513293146016,
                48.593459054898595
              ],
              [
                7.682529166819529,
                48.59331174165949
              ],
              [
                7.68252918400801,
                48.5933116095572
              ],
              [
                7.682592832900859,
                48.59289432556603
              ],
              [
                7.682603703536443,
                48.59282306003417
              ],
              [
                7.682603712214091,
                48.592822993209076
              ],
              [
                7.682630388537739,
                48.59257422370597
              ],
              [
                7.682630392003518,
                48.59257418719103
              ],
              [
                7.682654155448138,
                48.592286520419485
              ],
              [
                7.682654157176611,
                48.59228629757594
              ],
              [
                7.682641067853941,
                48.59209109687482
              ],
              [
                7.68263637293308,
                48.59202132727455
              ],
              [
                7.682633147076326,
                48.59201968726786
              ],
              [
                7.682585847097946,
                48.59202665033146
              ],
              [
                7.682576574384454,
                48.59202807134751
              ],
              [
                7.681741563125638,
                48.59215796691059
              ],
              [
                7.680978832664676,
                48.592276669629584
              ],
              [
                7.680021706912758,
                48.592425629627314
              ],
              [
                7.679410396389439,
                48.592520773374
              ],
              [
                7.679410067252332,
                48.592520818919304
              ],
              [
                7.679356702340566,
                48.59252729192809
              ],
              [
                7.679356519656181,
                48.592527317555636
              ],
              [
                7.677502839958272,
                48.59282294853874
              ],
              [
                7.67655326943427,
                48.59297433272249
              ],
              [
                7.676552831334481,
                48.59297439249912
              ],
              [
                7.676340669047515,
                48.592998532314226
              ],
              [
                7.676340541527721,
                48.592998548496745
              ],
              [
                7.672541990521712,
                48.59353074121583
              ],
              [
                7.672539669744957,
                48.593532739041706
              ],
              [
                7.672596875762316,
                48.59429731455811
              ],
              [
                7.672599840743701,
                48.59429907620429
              ],
              [
                7.672689462019354,
                48.59429548491949
              ],
              [
                7.672696650353713,
                48.59430004414094
              ],
              [
                7.672692246936334,
                48.59448826718018
              ],
              [
                7.672689247812336,
                48.594616466501634
              ],
              [
                7.672689984895985,
                48.59461787593226
              ],
              [
                7.673184669480576,
                48.59502089507039
              ],
              [
                7.673184859191959,
                48.59502105703348
              ],
              [
                7.673369535784853,
                48.59518636758824
              ],
              [
                7.673369550218732,
                48.59518638041281
              ]
            ]
          ]
        ]
      }
    },
    {
      "type": "Feature",
      "properties": {
        "fid": 45,
        "acess_TC": "Plus de 10 minutes",
        "articu_piste_cyclable": "Acces indirect",
        "acess_restauration": "Entre 5 et 10 minutes",
        "acess_echangeur": "Moins de 10 minutes",
        "proximite_res_elect": "Moins de 400 m",
        "articu_zae_existante": "Moins de 400 m",
        "enjeux_forestier": "Oui",
        "expo_risq_inondation": "Oui",
        "expo_risque_mvt_terrain": "Oui",
        "pres_zone_hum_res_biodiv": "Oui",
        "pente_moy_terrain": "Faible (< 10 %)",
        "posi_armature_urbaine": "Coeur métropolitain",
        "maitrise_fonciere": "Privé",
        "proximite_aep": "Moins de 400 m",
        "proximite_res_chauffage_urb": "Plus de 400 m",
        "std_acess_TC": 0.5,
        "std_articu_piste_cyclable": 0.75,
        "std_acess_restauration": 0.75,
        "std_acess_echangeur": 1.0,
        "std_posi_armature_urbaine": 1.0,
        "std_proximite_res_elect": 0.75,
        "std_articu_zae_existante": 1.0,
        "std_proximite_aep": 1.0,
        "std_proximite_res_chauffage_urb": 0.5,
        "std_enjeux_forestier": 0.25,
        "std_expo_risq_inondation": 0.25,
        "std_expo_risque_mvt_terrain": 0.25,
        "std_pres_zone_hum_res_biodiv": 0.25,
        "std_pente_moy_terrain": 1.0,
        "std_maitrise_fonciere": 0.5,
        "mf_attractivite_geog": 0.881737949852067,
        "mf_aptitude_aux_rese": 0.868421052631579,
        "mf_enjeux_forestiers": 0.25,
        "mf_aptitude_physique": 0.625,
        "score_final": 0.46063078093788906,
        "classe_apt": "Potentiel de mobilisation modéré",
        "rang": 23,
        "ID": 19,
        "commune": "Strasbourg",
        "epci": "Eurométropole de Strasbourg",
        "superficie_ha": 45.62
      },
      "geometry": {
        "type": "MultiPolygon",
        "coordinates": [
          [
            [
              [
                7.772381248620699,
                48.51013604038012
              ],
              [
                7.772380187619024,
                48.51013830259006
              ],
              [
                7.772395621807442,
                48.51016840756548
              ],
              [
                7.772807918504485,
                48.510972478446384
              ],
              [
                7.772822340038035,
                48.511000600499344
              ],
              [
                7.772994604963841,
                48.51133671966604
              ],
              [
                7.772994652261088,
                48.511336815455394
              ],
              [
                7.773071003361003,
                48.51149750381923
              ],
              [
                7.77310118036455,
                48.511560997723855
              ],
              [
                7.773101323432711,
                48.51156124637931
              ],
              [
                7.773133761920156,
                48.51160894253837
              ],
              [
                7.773133272250595,
                48.511613242577816
              ],
              [
                7.772854356692573,
                48.51189892237144
              ],
              [
                7.772719992603711,
                48.51203653676867
              ],
              [
                7.77271964754804,
                48.51203838306615
              ],
              [
                7.773118837421962,
                48.51281677304297
              ],
              [
                7.773173868658295,
                48.51292410400328
              ],
              [
                7.773173918005272,
                48.51292420407014
              ],
              [
                7.773244142277403,
                48.51307244867431
              ],
              [
                7.773244950676079,
                48.513073340727004
              ],
              [
                7.773252062369417,
                48.51307812657217
              ],
              [
                7.773253653575792,
                48.51307983724829
              ],
              [
                7.773511524787874,
                48.51358314807919
              ],
              [
                7.773524433923371,
                48.513608347766365
              ],
              [
                7.773527949963097,
                48.51360953457646
              ],
              [
                7.773586843584456,
                48.51359731798726
              ],
              [
                7.773587047213225,
                48.51359727096825
              ],
              [
                7.774906261603648,
                48.51326099174063
              ],
              [
                7.774908180018604,
                48.51325895484766
              ],
              [
                7.774908041102587,
                48.513257886159145
              ],
              [
                7.774908035421315,
                48.513257839638435
              ],
              [
                7.774907746355516,
                48.51325530988249
              ],
              [
                7.774907738500056,
                48.513255232244205
              ],
              [
                7.774907516735056,
                48.51325271531722
              ],
              [
                7.774907510902827,
                48.51325263760955
              ],
              [
                7.774907353698015,
                48.5132501024009
              ],
              [
                7.774907351171185,
                48.51325005577207
              ],
              [
                7.774907233521986,
                48.5132475188615
              ],
              [
                7.774907230930269,
                48.51324744118798
              ],
              [
                7.774907179212613,
                48.5132449014665
              ],
              [
                7.774907178627274,
                48.513244854911534
              ],
              [
                7.774907166473275,
                48.51324231400197
              ],
              [
                7.774907167131929,
                48.513242235358206
              ],
              [
                7.774907221383483,
                48.51323971611895
              ],
              [
                7.774907224058196,
                48.51323963861448
              ],
              [
                7.774907344598586,
                48.513237100444826
              ],
              [
                7.774907347160974,
                48.5132370540778
              ],
              [
                7.774907507709861,
                48.5132345072237
              ],
              [
                7.774907512385953,
                48.51323444376737
              ],
              [
                7.774907725262639,
                48.51323192000598
              ],
              [
                7.774907732981183,
                48.51323184096318
              ],
              [
                7.774908012461234,
                48.513229322369234
              ],
              [
                7.774908019916479,
                48.51322926092891
              ],
              [
                7.774908353157,
                48.513226731152685
              ],
              [
                7.774908361840411,
                48.513226670037675
              ],
              [
                7.774908747486601,
                48.513224140417115
              ],
              [
                7.774908758323797,
                48.513224074221945
              ],
              [
                7.774909198281859,
                48.51322156013979
              ],
              [
                7.774909209545648,
                48.51322149938147
              ],
              [
                7.774909702488401,
                48.5132189817149
              ],
              [
                7.774909715606935,
                48.51321891824941
              ],
              [
                7.774910260146973,
                48.513216416166486
              ],
              [
                7.774910278271569,
                48.513216337772896
              ],
              [
                7.774910891137162,
                48.51321383425712
              ],
              [
                7.774910903373037,
                48.51321378593686
              ],
              [
                7.774911556572551,
                48.51321128959435
              ],
              [
                7.774911578045723,
                48.51321121160918
              ],
              [
                7.774912298513251,
                48.51320871933442
              ],
              [
                7.774912311646258,
                48.51320867510204
              ],
              [
                7.774913071145382,
                48.513206182930524
              ],
              [
                7.774913097112699,
                48.51320610159538
              ],
              [
                7.774913920265838,
                48.513203635804686
              ],
              [
                7.774913943375841,
                48.51320356899045
              ],
              [
                7.774914827258304,
                48.51320109991993
              ],
              [
                7.774914843117822,
                48.513201056573365
              ],
              [
                7.774915763984951,
                48.51319859298702
              ],
              [
                7.774915795434751,
                48.51319851207075
              ],
              [
                7.774916780032592,
                48.51319607266608
              ],
              [
                7.774916805597679,
                48.5131960110786
              ],
              [
                7.774917849526426,
                48.51319356414238
              ],
              [
                7.774917872359105,
                48.513193511832505
              ],
              [
                7.774918954362231,
                48.51319108791078
              ],
              [
                7.774918988874473,
                48.51319101299554
              ],
              [
                7.774920138819088,
                48.51318859236013
              ],
              [
                7.774920161438089,
                48.51318854563675
              ],
              [
                7.774921353869296,
                48.51318612780411
              ],
              [
                7.774921387118321,
                48.51318606210203
              ],
              [
                7.774922625461659,
                48.51318367608288
              ],
              [
                7.77492266765024,
                48.51318359718523
              ],
              [
                7.774923976816034,
                48.51318121928501
              ],
              [
                7.774924005899066,
                48.51318116745037
              ],
              [
                7.774925365356298,
                48.51317878927708
              ],
              [
                7.774925391891357,
                48.513178743608144
              ],
              [
                7.774926784149324,
                48.51317638569452
              ],
              [
                7.774926831180026,
                48.513176308170344
              ],
              [
                7.7749282890196,
                48.51317396805229
              ],
              [
                7.77492832152226,
                48.51317391677884
              ],
              [
                7.774929824512791,
                48.513171586187745
              ],
              [
                7.774929866523974,
                48.51317152241161
              ],
              [
                7.774931421884855,
                48.5131692101415
              ],
              [
                7.774931460654671,
                48.513169153557584
              ],
              [
                7.774933067336155,
                48.51316685096745
              ],
              [
                7.774933116919562,
                48.513166781471064
              ],
              [
                7.774934780574744,
                48.51316450027725
              ],
              [
                7.774934817771217,
                48.51316445007195
              ],
              [
                7.774936529537002,
                48.51316217546398
              ],
              [
                7.774936567730755,
                48.51316212549259
              ],
              [
                7.774938311582047,
                48.513159878681606
              ],
              [
                7.77493836955902,
                48.51315980563695
              ],
              [
                7.774940177970175,
                48.513157577061044
              ],
              [
                7.774940224550404,
                48.513157520628724
              ],
              [
                7.774942087436718,
                48.513155301533466
              ],
              [
                7.774942122671155,
                48.51315526007895
              ],
              [
                7.774944021205327,
                48.51315305374196
              ],
              [
                7.774944080040965,
                48.51315298671593
              ],
              [
                7.774946027036055,
                48.51315081200524
              ],
              [
                7.774946077647472,
                48.513150756392804
              ],
              [
                7.774948069833163,
                48.51314860265031
              ],
              [
                7.774948124704326,
                48.513148544333575
              ],
              [
                7.774950174931276,
                48.51314640197882
              ],
              [
                7.774950220592087,
                48.51314635491577
              ],
              [
                7.774952313436525,
                48.51314422700344
              ],
              [
                7.774952367865926,
                48.513144172530765
              ],
              [
                7.774954493454929,
                48.51314207844361
              ],
              [
                7.774954559796694,
                48.51314201428958
              ],
              [
                7.774956744506989,
                48.51313994030345
              ],
              [
                7.774956793149053,
                48.51313989473174
              ],
              [
                7.774959024359194,
                48.51313783163283
              ],
              [
                7.774959082676315,
                48.513137778532766
              ],
              [
                7.774961350656044,
                48.51313574482398
              ],
              [
                7.774961411711264,
                48.51313569092516
              ],
              [
                7.774963739516363,
                48.51313366772395
              ],
              [
                7.774963789366029,
                48.51313362493328
              ],
              [
                7.774966141203154,
                48.51313163102446
              ],
              [
                7.774966213875525,
                48.51313157049264
              ],
              [
                7.774968615338639,
                48.51312960515686
              ],
              [
                7.774968678421713,
                48.51312955429631
              ],
              [
                7.774971132634505,
                48.51312760487104
              ],
              [
                7.774971185937427,
                48.513127563051874
              ],
              [
                7.774973663335948,
                48.513125643229756
              ],
              [
                7.774973739657212,
                48.51312558510197
              ],
              [
                7.774976197009772,
                48.51312374561538
              ],
              [
                7.774976407568726,
                48.51312359507108
              ],
              [
                7.77499105459583,
                48.51311359119241
              ],
              [
                7.774991227368867,
                48.51311347735553
              ],
              [
                7.774994148233609,
                48.51311162082644
              ],
              [
                7.77499422503747,
                48.51311157276513
              ],
              [
                7.774997255080791,
                48.51310970605261
              ],
              [
                7.774997325000397,
                48.51310966357803
              ],
              [
                7.775000383325828,
                48.5131078316533
              ],
              [
                7.775000464552478,
                48.513107783777826
              ],
              [
                7.775003560445912,
                48.51310598830959
              ],
              [
                7.775003642850209,
                48.51310594128765
              ],
              [
                7.77500678147657,
                48.513104179181475
              ],
              [
                7.775006864995404,
                48.513104133049694
              ],
              [
                7.775010046420086,
                48.51310240426938
              ],
              [
                7.77501013098769,
                48.51310235906235
              ],
              [
                7.77501336232578,
                48.51310065986812
              ],
              [
                7.775013433615306,
                48.5131006228925
              ],
              [
                7.775016704863034,
                48.513098949444206
              ],
              [
                7.775016796080749,
                48.513098903590915
              ],
              [
                7.775020094972326,
                48.513097274236806
              ],
              [
                7.77502017300535,
                48.513097236267555
              ],
              [
                7.7750235067597,
                48.51309563831513
              ],
              [
                7.775023589196098,
                48.513095599419856
              ],
              [
                7.775026971062389,
                48.51309402889056
              ],
              [
                7.775027066063688,
                48.5130939855671
              ],
              [
                7.77503047983584,
                48.51309245701673
              ],
              [
                7.775030560586783,
                48.51309242141544
              ],
              [
                7.775034003510307,
                48.513090926979494
              ],
              [
                7.775034101278023,
                48.51309088533299
              ],
              [
                7.775037578084855,
                48.513089432110895
              ],
              [
                7.775037653094287,
                48.51308940121032
              ],
              [
                7.775041092231574,
                48.513088004976275
              ],
              [
                7.775041354774138,
                48.513087903688636
              ],
              [
                7.775056311991564,
                48.5130824274688
              ],
              [
                7.775057733283335,
                48.51308015438165
              ],
              [
                7.774990013937052,
                48.51292348589508
              ],
              [
                7.774927761744259,
                48.512779442809425
              ],
              [
                7.774779167518127,
                48.512434769033206
              ],
              [
                7.774779130059821,
                48.512434678593706
              ],
              [
                7.774778045044214,
                48.51243194793595
              ],
              [
                7.774778018600092,
                48.51243187919158
              ],
              [
                7.774776991789194,
                48.51242911932964
              ],
              [
                7.774776971660771,
                48.51242906371276
              ],
              [
                7.774775996472897,
                48.512426291744916
              ],
              [
                7.77477597370557,
                48.5124262247233
              ],
              [
                7.774775067154504,
                48.51242345781748
              ],
              [
                7.774775044707869,
                48.51242338653594
              ],
              [
                7.774774202370597,
                48.512420599227674
              ],
              [
                7.774774182733478,
                48.51242053156692
              ],
              [
                7.774773405838538,
                48.51241773988139
              ],
              [
                7.774773387699176,
                48.51241767177485
              ],
              [
                7.774772675258596,
                48.512414871517024
              ],
              [
                7.774772661544444,
                48.51241481546238
              ],
              [
                7.774772001142838,
                48.51241200421432
              ],
              [
                7.774771985844953,
                48.51241193562774
              ],
              [
                7.774771392963157,
                48.512409128460234
              ],
              [
                7.774771379067128,
                48.51240905870505
              ],
              [
                7.774770851272768,
                48.512406239964534
              ],
              [
                7.774770839173962,
                48.512406171010184
              ],
              [
                7.774770377245969,
                48.51240334919269
              ],
              [
                7.774770366736421,
                48.5124032800233
              ],
              [
                7.77476996978793,
                48.512400448682186
              ],
              [
                7.774769962533597,
                48.51240039322473
              ],
              [
                7.774769619310224,
                48.51239756671273
              ],
              [
                7.77476961036294,
                48.51239748338273
              ],
              [
                7.774769345419545,
                48.51239464466316
              ],
              [
                7.774769340749205,
                48.51239458905114
              ],
              [
                7.774769128866218,
                48.51239175016444
              ],
              [
                7.774769124487721,
                48.51239168062838
              ],
              [
                7.774768979049394,
                48.51238884591482
              ],
              [
                7.774768976292431,
                48.51238877640202
              ],
              [
                7.774768896781333,
                48.51238593885721
              ],
              [
                7.774768895642532,
                48.51238586941746
              ],
              [
                7.774768882033004,
                48.51238302256033
              ],
              [
                7.774768882296373,
                48.51238296610477
              ],
              [
                7.77476892227587,
                48.512380132905975
              ],
              [
                7.774768924610661,
                48.512380049654766
              ],
              [
                7.774769043723988,
                48.51237721254466
              ],
              [
                7.774769046559869,
                48.51237715721619
              ],
              [
                7.774769218809932,
                48.512374311539226
              ],
              [
                7.774769223915861,
                48.512374240987285
              ],
              [
                7.774769462414295,
                48.51237140916889
              ],
              [
                7.774769469206148,
                48.51237133850208
              ],
              [
                7.774769775252469,
                48.51236850507482
              ],
              [
                7.77476978169936,
                48.512368450108816
              ],
              [
                7.774770139756012,
                48.51236562126395
              ],
              [
                7.774770151618511,
                48.51236553703654
              ],
              [
                7.774770589439722,
                48.51236271474362
              ],
              [
                7.774770598814174,
                48.512362657863676
              ],
              [
                7.774771091571551,
                48.51235983414162
              ],
              [
                7.774771104191432,
                48.512359766330135
              ],
              [
                7.774771661459589,
                48.512356947862074
              ],
              [
                7.774771676800674,
                48.51235687490376
              ],
              [
                7.774772302763326,
                48.512354066036984
              ],
              [
                7.774772315961469,
                48.512354009313576
              ],
              [
                7.774772996269485,
                48.51235120412622
              ],
              [
                7.774773013237389,
                48.51235113736403
              ],
              [
                7.774773757502724,
                48.51234833748542
              ],
              [
                7.774773777817636,
                48.512348264576026
              ],
              [
                7.774774590532837,
                48.512345476368694
              ],
              [
                7.774774608604763,
                48.512345416545436
              ],
              [
                7.774775476773725,
                48.51234264038723
              ],
              [
                7.774775498025369,
                48.512342574883995
              ],
              [
                7.77477643011581,
                48.51233980235355
              ],
              [
                7.774776455487501,
                48.51233972971981
              ],
              [
                7.774777454470915,
                48.51233697377414
              ],
              [
                7.7747774801108,
                48.51233690539756
              ],
              [
                7.774778548263145,
                48.512334149065964
              ],
              [
                7.774778571973311,
                48.51233408957131
              ],
              [
                7.774779696242469,
                48.512331344540364
              ],
              [
                7.774779721271666,
                48.512331285044404
              ],
              [
                7.77478089823202,
                48.512328559666415
              ],
              [
                7.774780928159456,
                48.512328492351905
              ],
              [
                7.774782169146252,
                48.51232577915496
              ],
              [
                7.774782202822461,
                48.512325707672794
              ],
              [
                7.774783514388925,
                48.512323002907
              ],
              [
                7.774783541114117,
                48.51232294896239
              ],
              [
                7.774784905088611,
                48.512320253213765
              ],
              [
                7.774784944588496,
                48.5123201773923
              ],
              [
                7.77478637694101,
                48.51231750528461
              ],
              [
                7.774786406011195,
                48.51231745211339
              ],
              [
                7.77478789523933,
                48.51231478069042
              ],
              [
                7.774787931472482,
                48.51231471717104
              ],
              [
                7.774789472577166,
                48.51231207586021
              ],
              [
                7.774789510793839,
                48.51231201181995
              ],
              [
                7.774791118708444,
                48.51230937649458
              ],
              [
                7.774791158058496,
                48.51230931338183
              ],
              [
                7.774792823010133,
                48.51230669932127
              ],
              [
                7.774792860146811,
                48.51230664212163
              ],
              [
                7.774794577675054,
                48.51230404627984
              ],
              [
                7.774794623674699,
                48.51230397829161
              ],
              [
                7.774796408921363,
                48.51230139707808
              ],
              [
                7.774796448552975,
                48.51230134080405
              ],
              [
                7.774798290026066,
                48.5122987724054
              ],
              [
                7.774798335392541,
                48.512298710360284
              ],
              [
                7.774800228069136,
                48.51229617157096
              ],
              [
                7.774800278368067,
                48.512296105475045
              ],
              [
                7.774802242706605,
                48.51229357614539
              ],
              [
                7.774802282758936,
                48.51229352536971
              ],
              [
                7.774804289138879,
                48.512291020764415
              ],
              [
                7.774804342083485,
                48.51229095595898
              ],
              [
                7.77480641612446,
                48.51228846617872
              ],
              [
                7.774806458673416,
                48.51228841586543
              ],
              [
                7.774808571902002,
                48.51228595413043
              ],
              [
                7.774808633332881,
                48.51228588404449
              ],
              [
                7.774810813511016,
                48.51228344748183
              ],
              [
                7.774810861409241,
                48.512283394775466
              ],
              [
                7.774813105058739,
                48.51228096366379
              ],
              [
                7.774813151318758,
                48.51228091425859
              ],
              [
                7.774815429310598,
                48.51227851611154
              ],
              [
                7.774815495106133,
                48.51227844820405
              ],
              [
                7.774817841458699,
                48.512276073648955
              ],
              [
                7.77481789023987,
                48.51227602497409
              ],
              [
                7.77482028320244,
                48.51227367054849
              ],
              [
                7.774820342493776,
                48.51227361317412
              ],
              [
                7.774822786014131,
                48.51227128742308
              ],
              [
                7.77482284658165,
                48.512271230713765
              ],
              [
                7.774825345400312,
                48.51226892897943
              ],
              [
                7.77482540719643,
                48.512268872973586
              ],
              [
                7.774827966075875,
                48.51226659101484
              ],
              [
                7.774828019444665,
                48.51226654406565
              ],
              [
                7.774830616163151,
                48.51226429049964
              ],
              [
                7.774830688904861,
                48.51226422850069
              ],
              [
                7.774833341120527,
                48.51226200826333
              ],
              [
                7.77483339757016,
                48.512261961648
              ],
              [
                7.774836109258656,
                48.512259752616394
              ],
              [
                7.774836174967273,
                48.51225969991175
              ],
              [
                7.774838920253747,
                48.51225753171817
              ],
              [
                7.774838997313053,
                48.51225747192762
              ],
              [
                7.774841803156945,
                48.51225533303607
              ],
              [
                7.774841861992945,
                48.512255288775435
              ],
              [
                7.774844719733523,
                48.5122531672116
              ],
              [
                7.774844779428724,
                48.51225312347543
              ],
              [
                7.7748476693554,
                48.51225103387311
              ],
              [
                7.774847750230293,
                48.51225097641221
              ],
              [
                7.774850701123521,
                48.51224891624223
              ],
              [
                7.774850752879656,
                48.51224888050522
              ],
              [
                7.774853727743869,
                48.51224684893336
              ],
              [
                7.774853820819656,
                48.51224678659976
              ],
              [
                7.774856865081689,
                48.5122447872482
              ],
              [
                7.77485691859162,
                48.51224475249137
              ],
              [
                7.774859995702331,
                48.51224277576637
              ],
              [
                7.77486008322503,
                48.51224272053663
              ],
              [
                7.774863194066113,
                48.51224079224756
              ],
              [
                7.774863268870167,
                48.51224074657216
              ],
              [
                7.774866445881268,
                48.51223883570379
              ],
              [
                7.774866514289994,
                48.51223879511499
              ],
              [
                7.77486972113141,
                48.512236918193345
              ],
              [
                7.774869797193149,
                48.512236874338676
              ],
              [
                7.774873053080853,
                48.51223502512958
              ],
              [
                7.774873136495636,
                48.51223497852034
              ],
              [
                7.774876420925305,
                48.51223317308723
              ],
              [
                7.774876502191416,
                48.51223312911527
              ],
              [
                7.774879837868623,
                48.51223135258252
              ],
              [
                7.774879906437584,
                48.51223131654443
              ],
              [
                7.774883277670304,
                48.512229568105745
              ],
              [
                7.774883374387148,
                48.51222951886922
              ],
              [
                7.774886793970654,
                48.51222781025905
              ],
              [
                7.774886854537635,
                48.51222778034619
              ],
              [
                7.774890302918784,
                48.5122260970022
              ],
              [
                7.774890401915528,
                48.512226049583404
              ],
              [
                7.774893886661828,
                48.512224411925395
              ],
              [
                7.774893963263179,
                48.512224376450604
              ],
              [
                7.774897484933698,
                48.512222769394576
              ],
              [
                7.774897571176092,
                48.51222273068417
              ],
              [
                7.774901135828397,
                48.5122211570473
              ],
              [
                7.774901214051168,
                48.51222112303034
              ],
              [
                7.774904812725495,
                48.51221958154113
              ],
              [
                7.774904891750837,
                48.51221954820233
              ],
              [
                7.774908508031174,
                48.51221804579265
              ],
              [
                7.774908612015974,
                48.51221800345227
              ],
              [
                7.774912271991326,
                48.512216543155226
              ],
              [
                7.774912352587054,
                48.51221651150001
              ],
              [
                7.774916054418665,
                48.51221508040687
              ],
              [
                7.774916135668747,
                48.512215049494046
              ],
              [
                7.774919858969118,
                48.51221365553623
              ],
              [
                7.774919957505986,
                48.512213619359144
              ],
              [
                7.774923711179549,
                48.51221226817236
              ],
              [
                7.774923793818807,
                48.5122122389146
              ],
              [
                7.77492757710495,
                48.51221092171207
              ],
              [
                7.774927677428165,
                48.51221088748779
              ],
              [
                7.774931491208921,
                48.51220961301121
              ],
              [
                7.774931575005678,
                48.51220958548825
              ],
              [
                7.77493542729139,
                48.512208342124495
              ],
              [
                7.774935511480797,
                48.51220831542631
              ],
              [
                7.774939384917693,
                48.51220710878049
              ],
              [
                7.774939487273906,
                48.512207077582
              ],
              [
                7.774943385640155,
                48.51220591532717
              ],
              [
                7.774943482210441,
                48.51220588713426
              ],
              [
                7.774947406639309,
                48.512204765583
              ],
              [
                7.774947492245994,
                48.51220474157892
              ],
              [
                7.774951446290386,
                48.51220365404639
              ],
              [
                7.774951544514392,
                48.51220362762695
              ],
              [
                7.774955515850815,
                48.512202583411984
              ],
              [
                7.774955602123539,
                48.512202561179514
              ],
              [
                7.774959405166263,
                48.51220160095115
              ],
              [
                7.774959907171075,
                48.5122014889224
              ],
              [
                7.775306087487713,
                48.512134122678475
              ],
              [
                7.775306123965828,
                48.51213411565358
              ],
              [
                7.775358230227076,
                48.51212418628671
              ],
              [
                7.775401881431077,
                48.512115872970156
              ],
              [
                7.775482170340465,
                48.512100574095136
              ],
              [
                7.77556278262714,
                48.51208489861071
              ],
              [
                7.775562813984817,
                48.51208489256754
              ],
              [
                7.775867993586154,
                48.512026608432436
              ],
              [
                7.776212527101865,
                48.51196085181051
              ],
              [
                7.776212899202077,
                48.51196078832751
              ],
              [
                7.776709236660273,
                48.5118860144689
              ],
              [
                7.776717154085887,
                48.511888975092695
              ],
              [
                7.776743424973288,
                48.51194119405927
              ],
              [
                7.77674350906284,
                48.511941373602816
              ],
              [
                7.776935548843378,
                48.512383795170216
              ],
              [
                7.776935552909138,
                48.51238380457526
              ],
              [
                7.776965317508878,
                48.512452940136036
              ],
              [
                7.777028786099207,
                48.51259919620603
              ],
              [
                7.777058976247322,
                48.512668343627396
              ],
              [
                7.777123096201281,
                48.51281480741011
              ],
              [
                7.777123111649143,
                48.51281484324939
              ],
              [
                7.777152673828863,
                48.51288451753237
              ],
              [
                7.777217008348729,
                48.51303118628737
              ],
              [
                7.77721702649001,
                48.51303122626008
              ],
              [
                7.777307494828146,
                48.51322406944248
              ],
              [
                7.777310965338484,
                48.51322531539124
              ],
              [
                7.777336622496897,
                48.51322045331749
              ],
              [
                7.780480915540847,
                48.51261762388705
              ],
              [
                7.780480928359259,
                48.51261762143838
              ],
              [
                7.780806836886121,
                48.512555594001704
              ],
              [
                7.780903606585124,
                48.512537076553215
              ],
              [
                7.781279374223135,
                48.51246498767622
              ],
              [
                7.781536718333343,
                48.51241555324141
              ],
              [
                7.781536728446308,
                48.512415551304414
              ],
              [
                7.781937842224657,
                48.51233894694932
              ],
              [
                7.782516387855804,
                48.512227895206436
              ],
              [
                7.782561510305254,
                48.51221923157019
              ],
              [
                7.782563049898171,
                48.51221859266977
              ],
              [
                7.78259720727161,
                48.51219351311704
              ],
              [
                7.782597342590373,
                48.51219340737633
              ],
              [
                7.782627399870638,
                48.51216839492311
              ],
              [
                7.782640795528438,
                48.512157244054485
              ],
              [
                7.782640907677012,
                48.51215715316087
              ],
              [
                7.782807617107771,
                48.51202558320768
              ],
              [
                7.782807821454578,
                48.51202540453865
              ],
              [
                7.78281002436321,
                48.512023264521105
              ],
              [
                7.782810077872149,
                48.5120232133052
              ],
              [
                7.782812386692076,
                48.51202103579806
              ],
              [
                7.78281245154013,
                48.512020975693794
              ],
              [
                7.782814819690739,
                48.5120188184538
              ],
              [
                7.782814867072681,
                48.512018775821566
              ],
              [
                7.782817281658285,
                48.51201662985307
              ],
              [
                7.782817338557673,
                48.51201658001018
              ],
              [
                7.78281979078213,
                48.512014462647144
              ],
              [
                7.782819848829413,
                48.51201441324251
              ],
              [
                7.782822347651112,
                48.51201231674887
              ],
              [
                7.782822397295748,
                48.51201227559544
              ],
              [
                7.78282492761248,
                48.51201020307984
              ],
              [
                7.782825007773545,
                48.512010138654965
              ],
              [
                7.782827599306893,
                48.512008094831586
              ],
              [
                7.782827640089828,
                48.51200806296978
              ],
              [
                7.782830259609363,
                48.512006035637725
              ],
              [
                7.782830342529524,
                48.512005972657995
              ],
              [
                7.782833018114094,
                48.512003978235235
              ],
              [
                7.782833060229986,
                48.51200394713379
              ],
              [
                7.78283576388087,
                48.51200196914059
              ],
              [
                7.782835849368617,
                48.512001907754204
              ],
              [
                7.782838609151636,
                48.51199996262293
              ],
              [
                7.782838652500258,
                48.511999932353156
              ],
              [
                7.78284144555317,
                48.511998000053715
              ],
              [
                7.78284152298139,
                48.51199794735744
              ],
              [
                7.782844347844057,
                48.51199605603163
              ],
              [
                7.782844414716457,
                48.511996011877855
              ],
              [
                7.782847287600267,
                48.51199414123831
              ],
              [
                7.782847355254467,
                48.51199409779445
              ],
              [
                7.782850269285448,
                48.511992252410295
              ],
              [
                7.782850339984909,
                48.51199220827603
              ],
              [
                7.782853283473671,
                48.51199039700479
              ],
              [
                7.782853352904273,
                48.51199035487217
              ],
              [
                7.782856339761563,
                48.511988567476
              ],
              [
                7.782856409841516,
                48.511988526118955
              ],
              [
                7.78285944414021,
                48.51198676027122
              ],
              [
                7.782859504665489,
                48.51198672546578
              ],
              [
                7.782862561166501,
                48.511984988699396
              ],
              [
                7.782862646314822,
                48.51198494111573
              ],
              [
                7.782865745629784,
                48.51198323781287
              ],
              [
                7.782865807727973,
                48.51198320409491
              ],
              [
                7.782868935882693,
                48.51198152600956
              ],
              [
                7.78286902297872,
                48.51198148006727
              ],
              [
                7.782872194032007,
                48.5119798353989
              ],
              [
                7.782872257557518,
                48.511979802851975
              ],
              [
                7.782875462349052,
                48.51197818092204
              ],
              [
                7.782875541459926,
                48.51197814148778
              ],
              [
                7.782878768200091,
                48.51197655740206
              ],
              [
                7.782878848431411,
                48.51197651861525
              ],
              [
                7.782882107492042,
                48.5119749672051
              ],
              [
                7.78288218264842,
                48.51197493193949
              ],
              [
                7.782885491848107,
                48.511973401451385
              ],
              [
                7.78288555786859,
                48.511973371300975
              ],
              [
                7.782888885002645,
                48.51197187103889
              ],
              [
                7.782888983760407,
                48.511971827342244
              ],
              [
                7.782892336647897,
                48.511970371832504
              ],
              [
                7.782892413037738,
                48.51197033915505
              ],
              [
                7.78289582908555,
                48.511968899315676
              ],
              [
                7.782895887716309,
                48.511968874881596
              ],
              [
                7.782899307269448,
                48.51196746593168
              ],
              [
                7.782899409200255,
                48.511967424755106
              ],
              [
                7.782902854576716,
                48.5119660604196
              ],
              [
                7.7829029233272,
                48.51196603355847
              ],
              [
                7.782906406184254,
                48.5119646910724
              ],
              [
                7.782906492654277,
                48.51196465830425
              ],
              [
                7.782909996621065,
                48.51196335305376
              ],
              [
                7.782910083769106,
                48.51196332114757
              ],
              [
                7.782913621458064,
                48.51196204837597
              ],
              [
                7.782913701176034,
                48.5119620201508
              ],
              [
                7.782917260238932,
                48.51196078020431
              ],
              [
                7.782917338417044,
                48.511960753396615
              ],
              [
                7.782920930758635,
                48.51195954113743
              ],
              [
                7.782921030174394,
                48.51195950826764
              ],
              [
                7.782924647440547,
                48.511958336785604
              ],
              [
                7.782924710788782,
                48.51195831653952
              ],
              [
                7.782928339633938,
                48.511957172137635
              ],
              [
                7.78292844848243,
                48.511957138592955
              ],
              [
                7.782932104275547,
                48.51195603800966
              ],
              [
                7.782932175602329,
                48.51195601686524
              ],
              [
                7.782935864018126,
                48.51195494036421
              ],
              [
                7.7829359671409,
                48.51195491094191
              ],
              [
                7.782939676174509,
                48.51195387681372
              ],
              [
                7.782939741266653,
                48.511953858929175
              ],
              [
                7.782943472339808,
                48.511952848861426
              ],
              [
                7.782943563785582,
                48.5119528246191
              ],
              [
                7.782947308049966,
                48.51195185292301
              ],
              [
                7.782947407419663,
                48.51195182773095
              ],
              [
                7.782951162533442,
                48.51195089812631
              ],
              [
                7.782951240517045,
                48.511950879181974
              ],
              [
                7.782955037957081,
                48.51194997418373
              ],
              [
                7.782955138988886,
                48.511949950703304
              ],
              [
                7.782958946141465,
                48.51194908827988
              ],
              [
                7.782959012828377,
                48.51194907342996
              ],
              [
                7.782962832649347,
                48.511948237466974
              ],
              [
                7.782962940729933,
                48.511948214479055
              ],
              [
                7.782966765112517,
                48.51194742448088
              ],
              [
                7.782966857826605,
                48.51194740581137
              ],
              [
                7.782970724905217,
                48.5119466471415
              ],
              [
                7.782970808386522,
                48.511946631149804
              ],
              [
                7.782974680951112,
                48.511945907171395
              ],
              [
                7.782974769461712,
                48.51194589105364
              ],
              [
                7.782978656263903,
                48.51194520205428
              ],
              [
                7.782978744983589,
                48.511945186753955
              ],
              [
                7.782982637839909,
                48.511944534062216
              ],
              [
                7.782982748050918,
                48.511944516235
              ],
              [
                7.782986660029967,
                48.51194390647148
              ],
              [
                7.782986745749668,
                48.51194389349987
              ],
              [
                7.782990682290114,
                48.511943315637424
              ],
              [
                7.782990750134623,
                48.5119433059203
              ],
              [
                7.782994679362278,
                48.51194275714004
              ],
              [
                7.782994812005314,
                48.511942739531804
              ],
              [
                7.782998760909299,
                48.511942242524036
              ],
              [
                7.782998826090114,
                48.51194223453979
              ],
              [
                7.783002686165625,
                48.5119417746759
              ],
              [
                7.783002998272444,
                48.51194172726707
              ],
              [
                7.783214605197118,
                48.51190249877301
              ],
              [
                7.783215230890227,
                48.511902336710776
              ],
              [
                7.783232611672018,
                48.51189645140821
              ],
              [
                7.78323410546974,
                48.511894163947716
              ],
              [
                7.782830699539757,
                48.51096454136686
              ],
              [
                7.782590959756051,
                48.510412070612134
              ],
              [
                7.782447389229963,
                48.51008116421624
              ],
              [
                7.782240560008658,
                48.50960460894639
              ],
              [
                7.781973163682314,
                48.508988240432586
              ],
              [
                7.781716122549033,
                48.50839597969269
              ],
              [
                7.781316485841961,
                48.50747489722885
              ],
              [
                7.781020041908923,
                48.50679166002702
              ],
              [
                7.780556511198917,
                48.505723237129054
              ],
              [
                7.78055649848435,
                48.505723208535265
              ],
              [
                7.780517318998873,
                48.50563719983144
              ],
              [
                7.780517288225787,
                48.50563713574912
              ],
              [
                7.78047426217463,
                48.50555195772974
              ],
              [
                7.780474232326198,
                48.50555190115067
              ],
              [
                7.780427894773282,
                48.505467679318755
              ],
              [
                7.780427858499787,
                48.50546761633388
              ],
              [
                7.780377688133566,
                48.505384266929426
              ],
              [
                7.780377649671382,
                48.50538420566887
              ],
              [
                7.780323951941994,
                48.50530210960792
              ],
              [
                7.780323909837112,
                48.505302047802736
              ],
              [
                7.780266489910051,
                48.5052210369684
              ],
              [
                7.7802664528426,
                48.5052209863265
              ],
              [
                7.78020597702381,
                48.505140927760024
              ],
              [
                7.78020593318742,
                48.50514087170654
              ],
              [
                7.780141985618637,
                48.50506183510247
              ],
              [
                7.780141920620895,
                48.50506175840566
              ],
              [
                7.780103139177054,
                48.50501802134729
              ],
              [
                7.780093630566815,
                48.50500730715688
              ],
              [
                7.780090229296844,
                48.50500640771942
              ],
              [
                7.779670301031953,
                48.505086794373355
              ],
              [
                7.779468163337918,
                48.505125497804286
              ],
              [
                7.778971757071409,
                48.50522055262255
              ],
              [
                7.77795400082265,
                48.50541542352455
              ],
              [
                7.777619419394476,
                48.505479479829646
              ],
              [
                7.777611330271797,
                48.50548103090377
              ],
              [
                7.777609154982442,
                48.505482521870064
              ],
              [
                7.777594225536173,
                48.505521381131196
              ],
              [
                7.777594140872752,
                48.50552158195243
              ],
              [
                7.777578508510495,
                48.50555560467147
              ],
              [
                7.777578466840954,
                48.50555569215675
              ],
              [
                7.777535160327819,
                48.50564349077924
              ],
              [
                7.777535119247358,
                48.50564357147465
              ],
              [
                7.777508178696738,
                48.50569488541089
              ],
              [
                7.777476058187258,
                48.505756055865064
              ],
              [
                7.777475908893281,
                48.50575631432086
              ],
              [
                7.777436605243389,
                48.505818559277614
              ],
              [
                7.777379005332412,
                48.50590978690322
              ],
              [
                7.777378933272552,
                48.50590989689746
              ],
              [
                7.777320987361097,
                48.50599521957098
              ],
              [
                7.777266688935843,
                48.5060751641161
              ],
              [
                7.777266636542353,
                48.5060752393969
              ],
              [
                7.777219941677878,
                48.50614074013302
              ],
              [
                7.777219938459075,
                48.506140744641684
              ],
              [
                7.777192858754379,
                48.5061786216577
              ],
              [
                7.777148433985751,
                48.506240751466486
              ],
              [
                7.777085625281558,
                48.506328602200064
              ],
              [
                7.777085245344225,
                48.506329062274524
              ],
              [
                7.777048079356796,
                48.50636843170608
              ],
              [
                7.776999979342617,
                48.50641937786547
              ],
              [
                7.776929519251778,
                48.50649400292024
              ],
              [
                7.776929494925421,
                48.50649402849306
              ],
              [
                7.776868789133379,
                48.506557372053464
              ],
              [
                7.776868763651933,
                48.50655739843867
              ],
              [
                7.776798382710991,
                48.506629719761406
              ],
              [
                7.776798295151725,
                48.50662980276519
              ],
              [
                7.776753002799107,
                48.506676347691084
              ],
              [
                7.776717008795056,
                48.506713323968825
              ],
              [
                7.776645727986958,
                48.506786562472385
              ],
              [
                7.77664543860539,
                48.50678683682489
              ],
              [
                7.776598137081021,
                48.50682830528605
              ],
              [
                7.776534678231747,
                48.50688395692595
              ],
              [
                7.776463807120261,
                48.506946085495066
              ],
              [
                7.776463712533214,
                48.50694616527116
              ],
              [
                7.776374471911343,
                48.50702440852657
              ],
              [
                7.776374331286915,
                48.50702452760468
              ],
              [
                7.776294393557712,
                48.50708992099498
              ],
              [
                7.776221146966892,
                48.50714982357629
              ],
              [
                7.776154225016565,
                48.507204554395514
              ],
              [
                7.776069715205211,
                48.507273677316874
              ],
              [
                7.77606931947784,
                48.50727397335275
              ],
              [
                7.775969387237346,
                48.50734241039644
              ],
              [
                7.775911332948697,
                48.50738217869362
              ],
              [
                7.775824944883661,
                48.50744134291965
              ],
              [
                7.775754196372364,
                48.5074898066647
              ],
              [
                7.775702416260624,
                48.507525262288446
              ],
              [
                7.775702275632526,
                48.5075253557919
              ],
              [
                7.775657520344069,
                48.507554251518556
              ],
              [
                7.775613306187333,
                48.50758279001709
              ],
              [
                7.775502586572191,
                48.50765425556321
              ],
              [
                7.775423829757923,
                48.50770511254688
              ],
              [
                7.775337374763303,
                48.50776090791968
              ],
              [
                7.775337339520681,
                48.50776093099921
              ],
              [
                7.775248120817532,
                48.507820218527655
              ],
              [
                7.775245941430556,
                48.50782168432861
              ],
              [
                7.775183086107743,
                48.50786411215341
              ],
              [
                7.775086554076325,
                48.50792924440802
              ],
              [
                7.774973095102943,
                48.50800581436194
              ],
              [
                7.77488556942611,
                48.50806486787486
              ],
              [
                7.774885412661549,
                48.50806497026385
              ],
              [
                7.774809573214886,
                48.5081129201818
              ],
              [
                7.774726827025216,
                48.50816522072527
              ],
              [
                7.774652905447852,
                48.50821194856052
              ],
              [
                7.774651226440858,
                48.50821301132165
              ],
              [
                7.77456669968164,
                48.50826707450705
              ],
              [
                7.77456665992667,
                48.508267100355795
              ],
              [
                7.774500850480323,
                48.508310598824394
              ],
              [
                7.774404581079284,
                48.50837420596745
              ],
              [
                7.774306897406789,
                48.50843874968888
              ],
              [
                7.774306735387533,
                48.5084388532436
              ],
              [
                7.774259352593321,
                48.50846814713119
              ],
              [
                7.774259206609738,
                48.50846823298425
              ],
              [
                7.774207276687346,
                48.50850033622591
              ],
              [
                7.774147390735506,
                48.50853735860321
              ],
              [
                7.774088920234543,
                48.50857350002914
              ],
              [
                7.774088759653312,
                48.50857360616606
              ],
              [
                7.774006402234791,
                48.508631812083784
              ],
              [
                7.773929602051361,
                48.50868607602801
              ],
              [
                7.773929500382252,
                48.50868615117748
              ],
              [
                7.773871332743882,
                48.508731139557355
              ],
              [
                7.773802929234551,
                48.50878405867792
              ],
              [
                7.773802817218597,
                48.508784150078625
              ],
              [
                7.773750364435972,
                48.50882931759068
              ],
              [
                7.773750269085859,
                48.50882939694703
              ],
              [
                7.773680550796881,
                48.508889442288826
              ],
              [
                7.773680282675472,
                48.50888971111348
              ],
              [
                7.773667435936766,
                48.50890485021475
              ],
              [
                7.773667156967421,
                48.50890515074477
              ],
              [
                7.772462399173692,
                48.5100957160358
              ],
              [
                7.772460814920799,
                48.51009681863036
              ],
              [
                7.772381248620699,
                48.51013604038012
              ]
            ]
          ]
        ]
      }
    },
    {
      "type": "Feature",
      "properties": {
        "fid": 55,
        "acess_TC": "Plus de 10 minutes",
        "articu_piste_cyclable": "Acces indirect",
        "acess_restauration": "Moins de 5 minutes",
        "acess_echangeur": "Moins de 10 minutes",
        "proximite_res_elect": "Plus de 400 m",
        "articu_zae_existante": "Moins de 400 m",
        "enjeux_forestier": "Oui",
        "expo_risq_inondation": "Oui",
        "expo_risque_mvt_terrain": "Oui",
        "pres_zone_hum_res_biodiv": "Oui",
        "pente_moy_terrain": "Faible (< 10 %)",
        "posi_armature_urbaine": "Les Polarités",
        "maitrise_fonciere": "Public",
        "proximite_aep": "Moins de 400 m",
        "proximite_res_chauffage_urb": "Plus de 400 m",
        "std_acess_TC": 0.5,
        "std_articu_piste_cyclable": 0.75,
        "std_acess_restauration": 1.0,
        "std_acess_echangeur": 1.0,
        "std_posi_armature_urbaine": 0.75,
        "std_proximite_res_elect": 0.5,
        "std_articu_zae_existante": 1.0,
        "std_proximite_aep": 1.0,
        "std_proximite_res_chauffage_urb": 0.5,
        "std_enjeux_forestier": 0.25,
        "std_expo_risq_inondation": 0.25,
        "std_expo_risque_mvt_terrain": 0.25,
        "std_pres_zone_hum_res_biodiv": 0.25,
        "std_pente_moy_terrain": 1.0,
        "std_maitrise_fonciere": 1.0,
        "mf_attractivite_geog": 0.8070802008157645,
        "mf_aptitude_aux_rese": 0.7711893369788106,
        "mf_enjeux_forestiers": 0.25,
        "mf_aptitude_physique": 1.0,
        "score_final": 0.5336148825553695,
        "classe_apt": "Potentiel de mobilisation modéré",
        "rang": 16,
        "ID": 20,
        "commune": "Entzheim",
        "epci": "Eurométropole de Strasbourg",
        "superficie_ha": 55.75
      },
      "geometry": {
        "type": "MultiPolygon",
        "coordinates": [
          [
            [
              [
                7.635054022957797,
                48.53807385720048
              ],
              [
                7.634986885879136,
                48.53813048908088
              ],
              [
                7.634860184923936,
                48.53823735919119
              ],
              [
                7.634859258624035,
                48.538237998955275
              ],
              [
                7.634720944961515,
                48.53831634246119
              ],
              [
                7.634672656603492,
                48.53834368988796
              ],
              [
                7.634672419355234,
                48.53834381821745
              ],
              [
                7.634556053549173,
                48.53840390935867
              ],
              [
                7.634455598942264,
                48.53845579117679
              ],
              [
                7.634336531995006,
                48.538517273056875
              ],
              [
                7.634282461404388,
                48.53854519176331
              ],
              [
                7.633921233188493,
                48.53873174190001
              ],
              [
                7.633921227643891,
                48.53873174476033
              ],
              [
                7.633914713243847,
                48.538735101797734
              ],
              [
                7.6338537179981,
                48.5387665953971
              ],
              [
                7.633845616493001,
                48.53876670116348
              ],
              [
                7.633684092388637,
                48.538689870270545
              ],
              [
                7.633680183903809,
                48.53869028376321
              ],
              [
                7.63330420938582,
                48.53903038156996
              ],
              [
                7.633302834302897,
                48.539031307678464
              ],
              [
                7.6331803105921,
                48.53909282219868
              ],
              [
                7.633175916647802,
                48.53909372750546
              ],
              [
                7.63266191970795,
                48.53907812889964
              ],
              [
                7.632660568577305,
                48.539080165201845
              ],
              [
                7.632767074809475,
                48.53915074882321
              ],
              [
                7.632767234423122,
                48.539150847982825
              ],
              [
                7.63387860533072,
                48.539797886957665
              ],
              [
                7.640153171087105,
                48.54345139963071
              ],
              [
                7.640976595960552,
                48.54393079441276
              ],
              [
                7.640976604793716,
                48.54393079956432
              ],
              [
                7.644438268589163,
                48.54595307299325
              ],
              [
                7.644438474884169,
                48.54595318427458
              ],
              [
                7.644447541521598,
                48.545957694646965
              ],
              [
                7.644448376116033,
                48.545958186026525
              ],
              [
                7.644455419627848,
                48.545963077695355
              ],
              [
                7.644455629748604,
                48.54596321158715
              ],
              [
                7.644476999934313,
                48.54597570202538
              ],
              [
                7.644911289789093,
                48.546229382075204
              ],
              [
                7.644911329057209,
                48.54622940519232
              ],
              [
                7.644931822053224,
                48.54624156387178
              ],
              [
                7.644935789853943,
                48.54624140454701
              ],
              [
                7.644991203408578,
                48.54619951675819
              ],
              [
                7.645369384513859,
                48.545913662689095
              ],
              [
                7.645424370896827,
                48.54587209251566
              ],
              [
                7.645428339122624,
                48.54587062485287
              ],
              [
                7.645661130873743,
                48.545844676110676
              ],
              [
                7.646358903829962,
                48.545766936432386
              ],
              [
                7.646397430030143,
                48.54576265227042
              ],
              [
                7.64639789117843,
                48.54576261174252
              ],
              [
                7.647221112564131,
                48.54570928124816
              ],
              [
                7.647221192600523,
                48.54570927638099
              ],
              [
                7.647470977706941,
                48.545695077799024
              ],
              [
                7.647472841199014,
                48.54569456042892
              ],
              [
                7.647977930813756,
                48.545408226256775
              ],
              [
                7.648208921447223,
                48.54527713377958
              ],
              [
                7.648993950302476,
                48.54483239413306
              ],
              [
                7.648995084175403,
                48.544830862598026
              ],
              [
                7.649023675511148,
                48.54444652310437
              ],
              [
                7.649048966230207,
                48.54410654075329
              ],
              [
                7.649048820941216,
                48.544105772711866
              ],
              [
                7.648970833755032,
                48.54393793030609
              ],
              [
                7.648970809701737,
                48.54393787738675
              ],
              [
                7.648889420242861,
                48.543754752174905
              ],
              [
                7.648834820558057,
                48.54363192620032
              ],
              [
                7.648784484799462,
                48.54351853417727
              ],
              [
                7.648784482752265,
                48.54351852955637
              ],
              [
                7.648737667834782,
                48.54341265054537
              ],
              [
                7.648737664111292,
                48.54341264209352
              ],
              [
                7.648671561291899,
                48.54326204962086
              ],
              [
                7.64860686731911,
                48.543115795706974
              ],
              [
                7.648552077952063,
                48.54299252324552
              ],
              [
                7.648479635063032,
                48.54282951175355
              ],
              [
                7.648479632308574,
                48.54282950553894
              ],
              [
                7.648410458871531,
                48.54267302003955
              ],
              [
                7.648410451939706,
                48.54267300425144
              ],
              [
                7.648385694542559,
                48.542616230016435
              ],
              [
                7.648360126277726,
                48.54255963760577
              ],
              [
                7.648360117107186,
                48.542559617131296
              ],
              [
                7.648334605305516,
                48.54250215952161
              ],
              [
                7.648334590781364,
                48.54250212634097
              ],
              [
                7.648309743252247,
                48.542444537297264
              ],
              [
                7.648272230930497,
                48.5423582922901
              ],
              [
                7.648269620813481,
                48.54235682958078
              ],
              [
                7.648112512268114,
                48.542345063508144
              ],
              [
                7.647920168467179,
                48.54233074148984
              ],
              [
                7.647920063163776,
                48.54233073309399
              ],
              [
                7.647791642973423,
                48.54231981618267
              ],
              [
                7.647791605351317,
                48.54231981312641
              ],
              [
                7.647662552758785,
                48.54230981575989
              ],
              [
                7.647533346294632,
                48.5422998311298
              ],
              [
                7.647339109783291,
                48.542284776511636
              ],
              [
                7.647241661758397,
                48.542277266917054
              ],
              [
                7.647241654250016,
                48.54227726633561
              ],
              [
                7.647145051393027,
                48.54226974923005
              ],
              [
                7.647143153565203,
                48.542269410995466
              ],
              [
                7.646972548786357,
                48.54222047216608
              ],
              [
                7.646972540050978,
                48.542220469655454
              ],
              [
                7.646857853801448,
                48.54218744407987
              ],
              [
                7.646742576501531,
                48.542154173460716
              ],
              [
                7.646742038758027,
                48.54215405276241
              ],
              [
                7.646693580123365,
                48.542146113036075
              ],
              [
                7.646692468483823,
                48.54214586125226
              ],
              [
                7.646568085991155,
                48.54210941918122
              ],
              [
                7.644862994443268,
                48.54160973966808
              ],
              [
                7.643707470282019,
                48.54127464466697
              ],
              [
                7.643648483834612,
                48.541257568294164
              ],
              [
                7.643644837474034,
                48.54125188580679
              ],
              [
                7.643962549718395,
                48.5406811361874
              ],
              [
                7.643961189836546,
                48.54067876078916
              ],
              [
                7.643636115696642,
                48.54056357502594
              ],
              [
                7.643633727102783,
                48.54055705462382
              ],
              [
                7.644473258154445,
                48.53974804557019
              ],
              [
                7.644473350870521,
                48.53974795125139
              ],
              [
                7.644499144894995,
                48.53972021774718
              ],
              [
                7.644499312326876,
                48.53972004654185
              ],
              [
                7.645154865366835,
                48.53908189572484
              ],
              [
                7.645154063643013,
                48.53907929910929
              ],
              [
                7.644927050953824,
                48.53898316517721
              ],
              [
                7.64492452974544,
                48.53898123852465
              ],
              [
                7.644686071604705,
                48.53863386990821
              ],
              [
                7.644683285539589,
                48.538632665225634
              ],
              [
                7.642108294890955,
                48.538613386087945
              ],
              [
                7.642107275031407,
                48.538613327061334
              ],
              [
                7.641857808597056,
                48.53858615329133
              ],
              [
                7.641854476555699,
                48.53858579105279
              ],
              [
                7.641850986225609,
                48.538584663134095
              ],
              [
                7.641390503887093,
                48.5383034661382
              ],
              [
                7.640723088528592,
                48.53789587913936
              ],
              [
                7.639935162104256,
                48.5374146999232
              ],
              [
                7.639934951201472,
                48.53741456543069
              ],
              [
                7.639785780416294,
                48.5373152409994
              ],
              [
                7.639783881777805,
                48.53731461727224
              ],
              [
                7.639161712813451,
                48.53725973665565
              ],
              [
                7.639161477247931,
                48.53725972141861
              ],
              [
                7.638567660901269,
                48.537235186891145
              ],
              [
                7.638564764296108,
                48.53723704592125
              ],
              [
                7.638565261508846,
                48.53724883566125
              ],
              [
                7.638559273838135,
                48.537253429280234
              ],
              [
                7.637373958035529,
                48.53734499057717
              ],
              [
                7.637373016448177,
                48.53734515756222
              ],
              [
                7.637097233386266,
                48.53742391555436
              ],
              [
                7.63678696200949,
                48.53751279580891
              ],
              [
                7.63652493184281,
                48.53758786198315
              ],
              [
                7.636404903154045,
                48.53762224496077
              ],
              [
                7.636404204571348,
                48.537622415497
              ],
              [
                7.636258377865158,
                48.53765208502942
              ],
              [
                7.636257690064986,
                48.53765228274842
              ],
              [
                7.636174554977143,
                48.537683874939255
              ],
              [
                7.635968741139344,
                48.53776206183338
              ],
              [
                7.635824923589665,
                48.53781669605836
              ],
              [
                7.635798327624128,
                48.53782681376348
              ],
              [
                7.635703085314349,
                48.537862992404335
              ],
              [
                7.635696268991646,
                48.5378655790515
              ],
              [
                7.63568546257506,
                48.537869696129945
              ],
              [
                7.635685453804005,
                48.5378696994658
              ],
              [
                7.63563657893693,
                48.53788825569366
              ],
              [
                7.635579948782294,
                48.53790978185643
              ],
              [
                7.635523316838745,
                48.537931290081815
              ],
              [
                7.635360690219516,
                48.537993082044466
              ],
              [
                7.635155248965271,
                48.538071148181146
              ],
              [
                7.635147322542556,
                48.5380705684329
              ],
              [
                7.635097453172023,
                48.53804038236569
              ],
              [
                7.635093448435203,
                48.53804060190106
              ],
              [
                7.635054022957797,
                48.53807385720048
              ]
            ]
          ]
        ]
      }
    },
    {
      "type": "Feature",
      "properties": {
        "fid": 59,
        "acess_TC": "Plus de 10 minutes",
        "articu_piste_cyclable": "Acces direct",
        "acess_restauration": "Moins de 5 minutes",
        "acess_echangeur": "Moins de 10 minutes",
        "proximite_res_elect": "Moins de 400 m",
        "articu_zae_existante": "Moins de 400 m",
        "enjeux_forestier": "Non",
        "expo_risq_inondation": "Oui",
        "expo_risque_mvt_terrain": "Oui",
        "pres_zone_hum_res_biodiv": "Non",
        "pente_moy_terrain": "Faible (< 10 %)",
        "posi_armature_urbaine": "Les Polarités",
        "maitrise_fonciere": "Mixte",
        "proximite_aep": "Moins de 400 m",
        "proximite_res_chauffage_urb": "Plus de 400 m",
        "std_acess_TC": 0.5,
        "std_articu_piste_cyclable": 1.0,
        "std_acess_restauration": 1.0,
        "std_acess_echangeur": 1.0,
        "std_posi_armature_urbaine": 0.75,
        "std_proximite_res_elect": 0.75,
        "std_articu_zae_existante": 1.0,
        "std_proximite_aep": 1.0,
        "std_proximite_res_chauffage_urb": 0.5,
        "std_enjeux_forestier": 1.0,
        "std_expo_risq_inondation": 0.25,
        "std_expo_risque_mvt_terrain": 0.25,
        "std_pres_zone_hum_res_biodiv": 1.0,
        "std_pente_moy_terrain": 1.0,
        "std_maitrise_fonciere": 0.75,
        "mf_attractivite_geog": 0.8279927723021557,
        "mf_aptitude_aux_rese": 0.868421052631579,
        "mf_enjeux_forestiers": 0.540625,
        "mf_aptitude_physique": 0.8125,
        "score_final": 0.6635317890478741,
        "classe_apt": "Potentiel de mobilisation modéré",
        "rang": 7,
        "ID": 21,
        "commune": "Reichstett - Mundolsheim",
        "epci": "Eurométropole de Strasbourg",
        "superficie_ha": 11.67
      },
      "geometry": {
        "type": "MultiPolygon",
        "coordinates": [
          [
            [
              [
                7.724343083622365,
                48.64736175843845
              ],
              [
                7.72439412162834,
                48.64736340544223
              ],
              [
                7.724445068727788,
                48.64736502641655
              ],
              [
                7.724445860127389,
                48.64736508255584
              ],
              [
                7.724648789827902,
                48.647387516637984
              ],
              [
                7.724654343639372,
                48.647392782349684
              ],
              [
                7.724907781304108,
                48.64740715641423
              ],
              [
                7.724934322367072,
                48.64758834310057
              ],
              [
                7.724971378244116,
                48.64766826587778
              ],
              [
                7.725050604981843,
                48.64777175508312
              ],
              [
                7.725165152608613,
                48.6478665371974
              ],
              [
                7.725325961411403,
                48.64795108608677
              ],
              [
                7.725468753912311,
                48.64800494162984
              ],
              [
                7.725668493944688,
                48.648054868417795
              ],
              [
                7.725941031752646,
                48.648086878202044
              ],
              [
                7.726106472849074,
                48.648094880586584
              ],
              [
                7.726795663282874,
                48.64806803808771
              ],
              [
                7.727250111564823,
                48.64803626530659
              ],
              [
                7.727515233174538,
                48.648013513254654
              ],
              [
                7.728343812565524,
                48.64793935571703
              ],
              [
                7.728378188554141,
                48.64779759902405
              ],
              [
                7.728383769710153,
                48.64779387679702
              ],
              [
                7.728414107222116,
                48.64779051310663
              ],
              [
                7.728414421536245,
                48.6477904832469
              ],
              [
                7.728752964547523,
                48.64776366010319
              ],
              [
                7.728753520184727,
                48.64776358438296
              ],
              [
                7.728886528806651,
                48.64773760422042
              ],
              [
                7.729063138187059,
                48.647701963914784
              ],
              [
                7.729063408627173,
                48.647701900949
              ],
              [
                7.729267068308864,
                48.64764797470871
              ],
              [
                7.729267327193627,
                48.64764789768892
              ],
              [
                7.729417820584253,
                48.64759801219527
              ],
              [
                7.72941805439581,
                48.64759792691224
              ],
              [
                7.729502628477564,
                48.64756413988747
              ],
              [
                7.729742438912199,
                48.64746753261812
              ],
              [
                7.729742643224591,
                48.64746744347109
              ],
              [
                7.729957366192169,
                48.6473662155504
              ],
              [
                7.729957642375422,
                48.647366070452925
              ],
              [
                7.730535298551306,
                48.64702875154852
              ],
              [
                7.730535347713848,
                48.64702872227147
              ],
              [
                7.730879029593635,
                48.64682000818911
              ],
              [
                7.731053739304837,
                48.64671391454896
              ],
              [
                7.731142360345429,
                48.64666007699879
              ],
              [
                7.731231110437606,
                48.64660617127103
              ],
              [
                7.731407985205352,
                48.64649877429624
              ],
              [
                7.731408422941993,
                48.64649845159113
              ],
              [
                7.731702379680236,
                48.64623425708931
              ],
              [
                7.731702621282528,
                48.64623400684354
              ],
              [
                7.731772668042261,
                48.64614963820499
              ],
              [
                7.731771640033048,
                48.64614711587127
              ],
              [
                7.731646579128339,
                48.64609740950795
              ],
              [
                7.731645811103129,
                48.64609718481043
              ],
              [
                7.731491410461273,
                48.64606651189534
              ],
              [
                7.731326007819812,
                48.64603364898807
              ],
              [
                7.730998569985072,
                48.64596860517058
              ],
              [
                7.73075604356591,
                48.645920429618116
              ],
              [
                7.73056131789683,
                48.645881740807944
              ],
              [
                7.730468692636006,
                48.645863338674474
              ],
              [
                7.730420406140658,
                48.6458537449255
              ],
              [
                7.730033173079499,
                48.6457768073338
              ],
              [
                7.729859877793595,
                48.64574238070428
              ],
              [
                7.729833934512565,
                48.64573722908004
              ],
              [
                7.729656274484052,
                48.6457019254666
              ],
              [
                7.729462504011495,
                48.64566342403601
              ],
              [
                7.729462481219394,
                48.64566341947839
              ],
              [
                7.729079748445646,
                48.64558640022099
              ],
              [
                7.729079650956247,
                48.645586381652514
              ],
              [
                7.729061395268256,
                48.645583099489116
              ],
              [
                7.729027552370179,
                48.645577000748816
              ],
              [
                7.729027200176123,
                48.64557695042448
              ],
              [
                7.72899642322189,
                48.64557367528767
              ],
              [
                7.72899319101983,
                48.64557518576507
              ],
              [
                7.728975158743779,
                48.645639707041205
              ],
              [
                7.728967555745657,
                48.64564334309782
              ],
              [
                7.728943169421738,
                48.645641108826666
              ],
              [
                7.728938642478437,
                48.6456393282919
              ],
              [
                7.728897388917465,
                48.645602370309966
              ],
              [
                7.728895205439642,
                48.64560151549477
              ],
              [
                7.728146992089848,
                48.64553502396452
              ],
              [
                7.727720048252667,
                48.64549709398929
              ],
              [
                7.726823118447212,
                48.64541743036552
              ],
              [
                7.725874534972184,
                48.645333157572324
              ],
              [
                7.725603986897634,
                48.645309112943096
              ],
              [
                7.725509887437402,
                48.645300754854354
              ],
              [
                7.725509806730964,
                48.645300748337014
              ],
              [
                7.725021934883354,
                48.645265275010125
              ],
              [
                7.72501881372986,
                48.64526687076728
              ],
              [
                7.725014118237684,
                48.64528785377463
              ],
              [
                7.724990230856605,
                48.64539460779534
              ],
              [
                7.724946135827378,
                48.645591622848194
              ],
              [
                7.724934191582167,
                48.64564499540141
              ],
              [
                7.724891142061811,
                48.64583737325276
              ],
              [
                7.724883369209081,
                48.64584115586725
              ],
              [
                7.724823094623043,
                48.64583484461122
              ],
              [
                7.724819871269691,
                48.645836370868544
              ],
              [
                7.724780608121691,
                48.645985057569916
              ],
              [
                7.724771533827361,
                48.646019357094126
              ],
              [
                7.724763369398788,
                48.64605026809036
              ],
              [
                7.724755217764729,
                48.64608116921782
              ],
              [
                7.724745501717851,
                48.64611793665483
              ],
              [
                7.724728510790854,
                48.64618229884253
              ],
              [
                7.724706282112164,
                48.64626639199741
              ],
              [
                7.724706274121264,
                48.646266423546564
              ],
              [
                7.724657264105524,
                48.64646872589589
              ],
              [
                7.724657243076148,
                48.646468827438476
              ],
              [
                7.724646452445913,
                48.64653150695689
              ],
              [
                7.724646301603018,
                48.64653206638479
              ],
              [
                7.72434064834247,
                48.64735959581405
              ],
              [
                7.724343083622365,
                48.64736175843845
              ]
            ]
          ]
        ]
      }
    },
    {
      "type": "Feature",
      "properties": {
        "fid": 74,
        "acess_TC": "Plus de 10 minutes",
        "articu_piste_cyclable": "Acces direct",
        "acess_restauration": "Moins de 5 minutes",
        "acess_echangeur": "Moins de 10 minutes",
        "proximite_res_elect": "Moins de 400 m",
        "articu_zae_existante": "Moins de 400 m",
        "enjeux_forestier": "Oui",
        "expo_risq_inondation": "Oui",
        "expo_risque_mvt_terrain": "Oui",
        "pres_zone_hum_res_biodiv": "Oui",
        "pente_moy_terrain": "Faible (< 10 %)",
        "posi_armature_urbaine": "Coeur métropolitain",
        "maitrise_fonciere": "Public",
        "proximite_aep": "Moins de 400 m",
        "proximite_res_chauffage_urb": "Plus de 400 m",
        "std_acess_TC": 0.5,
        "std_articu_piste_cyclable": 1.0,
        "std_acess_restauration": 1.0,
        "std_acess_echangeur": 1.0,
        "std_posi_armature_urbaine": 1.0,
        "std_proximite_res_elect": 0.75,
        "std_articu_zae_existante": 1.0,
        "std_proximite_aep": 1.0,
        "std_proximite_res_chauffage_urb": 0.5,
        "std_enjeux_forestier": 0.25,
        "std_expo_risq_inondation": 0.25,
        "std_expo_risque_mvt_terrain": 0.25,
        "std_pres_zone_hum_res_biodiv": 0.25,
        "std_pente_moy_terrain": 1.0,
        "std_maitrise_fonciere": 1.0,
        "mf_attractivite_geog": 0.9150893977825514,
        "mf_aptitude_aux_rese": 0.868421052631579,
        "mf_enjeux_forestiers": 0.25,
        "mf_aptitude_physique": 1.0,
        "score_final": 0.553857194015027,
        "classe_apt": "Potentiel de mobilisation modéré",
        "rang": 14,
        "ID": 22,
        "commune": "Illkirch-Graffenstaden",
        "epci": "Eurométropole de Strasbourg",
        "superficie_ha": 74.08
      },
      "geometry": {
        "type": "MultiPolygon",
        "coordinates": [
          [
            [
              [
                7.728865662261231,
                48.51502401975778
              ],
              [
                7.728871131796642,
                48.51502634273325
              ],
              [
                7.729018687142521,
                48.5155595944169
              ],
              [
                7.729018694004726,
                48.51555961847856
              ],
              [
                7.729189475926729,
                48.51614111463583
              ],
              [
                7.729189477248717,
                48.516141119149296
              ],
              [
                7.729406923561372,
                48.51688553142781
              ],
              [
                7.729406962506011,
                48.516885648084475
              ],
              [
                7.729474955666527,
                48.51706644879361
              ],
              [
                7.729474985001739,
                48.51706652158934
              ],
              [
                7.729659977999207,
                48.51749660026564
              ],
              [
                7.729817451693814,
                48.51785608742545
              ],
              [
                7.729817491406357,
                48.517856171855854
              ],
              [
                7.729956035384539,
                48.51813157181927
              ],
              [
                7.73020460876394,
                48.51861944968203
              ],
              [
                7.730204675792956,
                48.51861956984867
              ],
              [
                7.730510013700054,
                48.51912248629348
              ],
              [
                7.730510353490355,
                48.51912290904689
              ],
              [
                7.730681130263095,
                48.51928963228245
              ],
              [
                7.730681368937953,
                48.51928983852384
              ],
              [
                7.730809190786864,
                48.51938796591169
              ],
              [
                7.730809509643244,
                48.51938817986166
              ],
              [
                7.730854969273443,
                48.519414845646374
              ],
              [
                7.730938837315912,
                48.519464040982776
              ],
              [
                7.730985878011284,
                48.519491634057886
              ],
              [
                7.730986111554279,
                48.51949175925525
              ],
              [
                7.731086030682741,
                48.51954062674058
              ],
              [
                7.73108625625584,
                48.51954072802602
              ],
              [
                7.731191536918249,
                48.519584006776235
              ],
              [
                7.731191958943869,
                48.51958415401115
              ],
              [
                7.731436445927605,
                48.519655330202475
              ],
              [
                7.731436864668514,
                48.51965543084219
              ],
              [
                7.731670619735937,
                48.51970029345729
              ],
              [
                7.731670902417743,
                48.51970033906321
              ],
              [
                7.731771680290188,
                48.519713579062234
              ],
              [
                7.731771841382159,
                48.519713597552695
              ],
              [
                7.732139203098047,
                48.519749717653994
              ],
              [
                7.732139459369389,
                48.51974973625671
              ],
              [
                7.732582612826422,
                48.51977059553206
              ],
              [
                7.732585170043876,
                48.519768513102235
              ],
              [
                7.732187402645846,
                48.51882454301718
              ],
              [
                7.732189553573569,
                48.51881989443649
              ],
              [
                7.73234362482238,
                48.518733435807825
              ],
              [
                7.732344602405268,
                48.51873130370875
              ],
              [
                7.731808388280368,
                48.51748326502548
              ],
              [
                7.731813040199754,
                48.51747770538089
              ],
              [
                7.734124629592764,
                48.5170392937123
              ],
              [
                7.734128550556241,
                48.51703933466397
              ],
              [
                7.734310011404979,
                48.51707788964589
              ],
              [
                7.734314397438338,
                48.517083544324564
              ],
              [
                7.733989849000682,
                48.517757502167626
              ],
              [
                7.73398746080222,
                48.517759730925526
              ],
              [
                7.733922299883774,
                48.517792172955595
              ],
              [
                7.733923246000472,
                48.51779421763084
              ],
              [
                7.734194829459841,
                48.51780264075168
              ],
              [
                7.73419603999191,
                48.5178025303907
              ],
              [
                7.737115936817583,
                48.517160935371514
              ],
              [
                7.73712483319345,
                48.51716518513472
              ],
              [
                7.737127462454902,
                48.51754671959214
              ],
              [
                7.737130266426496,
                48.517548577750645
              ],
              [
                7.737939168964278,
                48.51754968980972
              ],
              [
                7.737940026257459,
                48.51754972719974
              ],
              [
                7.740898948864075,
                48.517804780343326
              ],
              [
                7.740900043868393,
                48.517804755128445
              ],
              [
                7.7411379652524,
                48.51777299309918
              ],
              [
                7.741140845093322,
                48.51777302378297
              ],
              [
                7.741275481267628,
                48.517794002508815
              ],
              [
                7.74127727816682,
                48.517794470184256
              ],
              [
                7.741363866528323,
                48.51782713193394
              ],
              [
                7.74136581392562,
                48.517828236402664
              ],
              [
                7.741486426883926,
                48.51792856627586
              ],
              [
                7.741487761113479,
                48.51793044444264
              ],
              [
                7.741523082441663,
                48.5180416366644
              ],
              [
                7.741523057459185,
                48.5180435696172
              ],
              [
                7.741484717125906,
                48.51815477773723
              ],
              [
                7.741484108329916,
                48.518155869091174
              ],
              [
                7.741444271334094,
                48.5182061326546
              ],
              [
                7.741444981537087,
                48.5182085555943
              ],
              [
                7.741459703295553,
                48.518216818583625
              ],
              [
                7.741459789007997,
                48.518216867512315
              ],
              [
                7.741506295007785,
                48.51824386677721
              ],
              [
                7.741594809942388,
                48.51829480625348
              ],
              [
                7.741594836085387,
                48.51829482114451
              ],
              [
                7.741627670964912,
                48.518313332197934
              ],
              [
                7.741627902824527,
                48.51831346910326
              ],
              [
                7.741711500173147,
                48.51836515574864
              ],
              [
                7.741711556690625,
                48.51836519109609
              ],
              [
                7.741775101742753,
                48.51840539266391
              ],
              [
                7.741841649028356,
                48.518447159168296
              ],
              [
                7.741841810070518,
                48.51844726366186
              ],
              [
                7.741922808384345,
                48.51850159704023
              ],
              [
                7.741922915654889,
                48.51850167065519
              ],
              [
                7.742061588929525,
                48.5185990305135
              ],
              [
                7.742061728163419,
                48.518599131293165
              ],
              [
                7.742156981129582,
                48.5186702169854
              ],
              [
                7.742157321457584,
                48.518670492172774
              ],
              [
                7.742223434644306,
                48.51872848803855
              ],
              [
                7.742223935236529,
                48.51872899482118
              ],
              [
                7.742277598399409,
                48.51879223793254
              ],
              [
                7.742277988370189,
                48.51879277898197
              ],
              [
                7.742318519999518,
                48.518860226509084
              ],
              [
                7.742318801815511,
                48.51886080701443
              ],
              [
                7.742345295189894,
                48.518931465354086
              ],
              [
                7.742345389234765,
                48.51893175711921
              ],
              [
                7.742366808307375,
                48.51901095397061
              ],
              [
                7.742370501180217,
                48.51901194351173
              ],
              [
                7.74332714032407,
                48.51855222053769
              ],
              [
                7.743328242716378,
                48.51854996736774
              ],
              [
                7.743277141569151,
                48.51844614350194
              ],
              [
                7.743277130823226,
                48.51844612203517
              ],
              [
                7.743254908094853,
                48.51840246295208
              ],
              [
                7.743213664493987,
                48.518321434989225
              ],
              [
                7.743162163274606,
                48.51822025433504
              ],
              [
                7.743105602512049,
                48.518112473980324
              ],
              [
                7.74310558863301,
                48.51811244804473
              ],
              [
                7.743048108595661,
                48.518007083373625
              ],
              [
                7.742986686039163,
                48.5178944912986
              ],
              [
                7.742878385029583,
                48.51769596628326
              ],
              [
                7.742797644691405,
                48.51754796127408
              ],
              [
                7.742797560653763,
                48.51754779745158
              ],
              [
                7.742731722031231,
                48.51741087888775
              ],
              [
                7.742603362244303,
                48.5171456743055
              ],
              [
                7.74254093689363,
                48.51701758611741
              ],
              [
                7.742540833435104,
                48.51701735242044
              ],
              [
                7.742458289077804,
                48.516810345063185
              ],
              [
                7.742458262064062,
                48.516810275049245
              ],
              [
                7.742347013593781,
                48.516511997189404
              ],
              [
                7.742346982582187,
                48.51651191036024
              ],
              [
                7.74225644020005,
                48.51624671549996
              ],
              [
                7.742207611748681,
                48.516103697052266
              ],
              [
                7.74220759330182,
                48.5161036458113
              ],
              [
                7.742135063312942,
                48.515912119532096
              ],
              [
                7.742135035867549,
                48.51591205157014
              ],
              [
                7.741991715428107,
                48.5155781153328
              ],
              [
                7.741886638252201,
                48.5153374783958
              ],
              [
                7.741886610128247,
                48.51533741209581
              ],
              [
                7.741782169909442,
                48.51508377860603
              ],
              [
                7.74178211936427,
                48.515083648219395
              ],
              [
                7.741608359345139,
                48.51460591790037
              ],
              [
                7.741608265042784,
                48.514605705194036
              ],
              [
                7.741285193517037,
                48.513990704097125
              ],
              [
                7.741281794659832,
                48.51398947448806
              ],
              [
                7.74107901307633,
                48.51402212463068
              ],
              [
                7.740886761821995,
                48.514053078470766
              ],
              [
                7.74065292662019,
                48.514090726842895
              ],
              [
                7.740644592440875,
                48.51408677956031
              ],
              [
                7.74057957533295,
                48.513630683057066
              ],
              [
                7.740525872542443,
                48.51325394626397
              ],
              [
                7.740474259002217,
                48.512891853643
              ],
              [
                7.740462560023529,
                48.51280978036697
              ],
              [
                7.740452288676196,
                48.51273772231074
              ],
              [
                7.740442922372828,
                48.512672013362405
              ],
              [
                7.740442918370265,
                48.51267198694487
              ],
              [
                7.740430455748665,
                48.512594334010636
              ],
              [
                7.74043044809974,
                48.51259429039423
              ],
              [
                7.740364175779707,
                48.51224599819873
              ],
              [
                7.740361085872535,
                48.512244367763316
              ],
              [
                7.740327515525818,
                48.51224666615607
              ],
              [
                7.740320118392587,
                48.51224282067362
              ],
              [
                7.740298152140245,
                48.51213943658966
              ],
              [
                7.740266700054176,
                48.51199140673383
              ],
              [
                7.740266644385344,
                48.5119910319163
              ],
              [
                7.740255678635883,
                48.511862175957006
              ],
              [
                7.740248855483013,
                48.51178199835557
              ],
              [
                7.740248847014258,
                48.51178186235933
              ],
              [
                7.740245552586777,
                48.51169840013271
              ],
              [
                7.740238490240814,
                48.51151947917208
              ],
              [
                7.740224830090164,
                48.511173402632735
              ],
              [
                7.740225149770463,
                48.51117191397949
              ],
              [
                7.740284439678472,
                48.51104879442677
              ],
              [
                7.740284514834369,
                48.511048647178555
              ],
              [
                7.740420674332816,
                48.51079630387757
              ],
              [
                7.740420752009512,
                48.51079616697052
              ],
              [
                7.740619091960259,
                48.51046310092963
              ],
              [
                7.740619127081748,
                48.51046303932855
              ],
              [
                7.740776329619373,
                48.510174632093516
              ],
              [
                7.7407764601688,
                48.51017441099732
              ],
              [
                7.740970444012237,
                48.50986979153794
              ],
              [
                7.740970494272019,
                48.50986970799391
              ],
              [
                7.741126300866341,
                48.50959489033205
              ],
              [
                7.741258461677049,
                48.5093617775488
              ],
              [
                7.741258477150532,
                48.50936174969986
              ],
              [
                7.741313453454736,
                48.50926075742286
              ],
              [
                7.741313600867405,
                48.509260393731445
              ],
              [
                7.741324748388701,
                48.50921947807678
              ],
              [
                7.741324788675541,
                48.509218878301205
              ],
              [
                7.741319982064749,
                48.509183443526425
              ],
              [
                7.741319687282828,
                48.50918270968622
              ],
              [
                7.741294280734602,
                48.509146071778396
              ],
              [
                7.741293884388686,
                48.50914563764131
              ],
              [
                7.741228238369364,
                48.50908929214989
              ],
              [
                7.741226688879999,
                48.509088556529754
              ],
              [
                7.741110110551592,
                48.509062132648616
              ],
              [
                7.740484186028881,
                48.508920256903004
              ],
              [
                7.740480667938115,
                48.50892115715351
              ],
              [
                7.740253090789547,
                48.50919351518482
              ],
              [
                7.740159445445202,
                48.50930557045081
              ],
              [
                7.740159396930008,
                48.50930563063858
              ],
              [
                7.739950511441771,
                48.50957450033513
              ],
              [
                7.739657696563153,
                48.509951418273175
              ],
              [
                7.739645235138511,
                48.50995072844121
              ],
              [
                7.739611997147087,
                48.50988184867518
              ],
              [
                7.739608156398179,
                48.50988097270381
              ],
              [
                7.739431122840112,
                48.50996131328877
              ],
              [
                7.739430109733112,
                48.50996169267515
              ],
              [
                7.739352567821751,
                48.50998514865346
              ],
              [
                7.739213420180491,
                48.51002723931243
              ],
              [
                7.739212263433983,
                48.510027508228916
              ],
              [
                7.739085879598447,
                48.510048586502585
              ],
              [
                7.739085827420105,
                48.51004859505869
              ],
              [
                7.738945064613678,
                48.51007128349317
              ],
              [
                7.738944626035473,
                48.51007137557607
              ],
              [
                7.738821939084888,
                48.51010338233716
              ],
              [
                7.738662013219445,
                48.51014510379384
              ],
              [
                7.738514332813246,
                48.51018363040408
              ],
              [
                7.738514032759835,
                48.51018372010348
              ],
              [
                7.738439576484058,
                48.51020893970833
              ],
              [
                7.738345559230988,
                48.51024078484629
              ],
              [
                7.738053920627192,
                48.510339566752705
              ],
              [
                7.738052800042955,
                48.510339865965506
              ],
              [
                7.737833100912226,
                48.51038387144063
              ],
              [
                7.737832726982852,
                48.51038396261644
              ],
              [
                7.737520664452835,
                48.51047423927323
              ],
              [
                7.737519054566968,
                48.51047524271514
              ],
              [
                7.737317076625424,
                48.51073651193522
              ],
              [
                7.737317006248029,
                48.51073660858135
              ],
              [
                7.73723114319608,
                48.51086207489372
              ],
              [
                7.73722894666877,
                48.51086385832811
              ],
              [
                7.737077938324776,
                48.510936387944334
              ],
              [
                7.737077191243947,
                48.510936699643814
              ],
              [
                7.736849663509615,
                48.511018407808386
              ],
              [
                7.736849536986401,
                48.5110184521034
              ],
              [
                7.736682751315658,
                48.5110753552183
              ],
              [
                7.736681691525272,
                48.51107564438157
              ],
              [
                7.735978180384394,
                48.51122276708876
              ],
              [
                7.735977077832094,
                48.51122293194848
              ],
              [
                7.735859885979166,
                48.51123372919253
              ],
              [
                7.735625765766915,
                48.51125529904468
              ],
              [
                7.735625311431772,
                48.51125533056432
              ],
              [
                7.735169383879925,
                48.5112766579431
              ],
              [
                7.735168436503255,
                48.51127665810279
              ],
              [
                7.73496245510482,
                48.51126709270129
              ],
              [
                7.734689239127749,
                48.51125440449196
              ],
              [
                7.734688192313116,
                48.51125430076901
              ],
              [
                7.734267489568918,
                48.51118994376551
              ],
              [
                7.734267044647664,
                48.51118989617981
              ],
              [
                7.73410397010004,
                48.51117980039999
              ],
              [
                7.733369018742319,
                48.51113429539194
              ],
              [
                7.733367593558605,
                48.51113410289849
              ],
              [
                7.732783093888663,
                48.51101048079586
              ],
              [
                7.732781636413145,
                48.51101039576321
              ],
              [
                7.732483758555196,
                48.511036877818526
              ],
              [
                7.732482138891174,
                48.51103689189892
              ],
              [
                7.731321081723808,
                48.51095414710726
              ],
              [
                7.731320879007371,
                48.51095413674083
              ],
              [
                7.730563117621813,
                48.51093057056678
              ],
              [
                7.730563081169502,
                48.5109305695638
              ],
              [
                7.73027063507937,
                48.51092357132768
              ],
              [
                7.730270524084958,
                48.510923569881946
              ],
              [
                7.729190338636722,
                48.51092126870464
              ],
              [
                7.729187764262575,
                48.510922126177284
              ],
              [
                7.72913694200866,
                48.51096764979931
              ],
              [
                7.729136471093094,
                48.51096823835772
              ],
              [
                7.729099544899436,
                48.51103781025775
              ],
              [
                7.729062450132568,
                48.51110769956191
              ],
              [
                7.729026631285814,
                48.51117522929665
              ],
              [
                7.728999889890633,
                48.511225645071995
              ],
              [
                7.72893734169918,
                48.51134356728937
              ],
              [
                7.728937318241834,
                48.51134361307832
              ],
              [
                7.72889619611687,
                48.51142680603907
              ],
              [
                7.728863477151404,
                48.51149299861268
              ],
              [
                7.728750422965098,
                48.51172171312821
              ],
              [
                7.72875032078334,
                48.5117219702971
              ],
              [
                7.728730389575196,
                48.51178767377989
              ],
              [
                7.728703125186856,
                48.51187755090758
              ],
              [
                7.728671224572476,
                48.51198271101304
              ],
              [
                7.728650709873191,
                48.51205033735995
              ],
              [
                7.72862574843068,
                48.51213262207317
              ],
              [
                7.728625713161629,
                48.51213276053108
              ],
              [
                7.728605699754667,
                48.512229625157914
              ],
              [
                7.728605687952892,
                48.51222968905302
              ],
              [
                7.728584973777672,
                48.51235686687189
              ],
              [
                7.728567645720645,
                48.51246325461847
              ],
              [
                7.72854375274288,
                48.512609947780476
              ],
              [
                7.728543735118548,
                48.51261011204871
              ],
              [
                7.728532329447718,
                48.51282948476965
              ],
              [
                7.72852970849496,
                48.512879895002
              ],
              [
                7.728524289167188,
                48.512984127613535
              ],
              [
                7.728524287945068,
                48.51298415649506
              ],
              [
                7.728521613109925,
                48.51306610491002
              ],
              [
                7.72852161351988,
                48.513066213676396
              ],
              [
                7.728524769400044,
                48.51314475079999
              ],
              [
                7.728526833313308,
                48.513196112676646
              ],
              [
                7.728534064923935,
                48.51337607538503
              ],
              [
                7.728535972499766,
                48.5134235462751
              ],
              [
                7.728535975239448,
                48.513423594805616
              ],
              [
                7.72854356102565,
                48.51352788868426
              ],
              [
                7.728543570641966,
                48.51352798124278
              ],
              [
                7.728555065822445,
                48.51361304056305
              ],
              [
                7.728568609874073,
                48.513713260273164
              ],
              [
                7.728579900633822,
                48.51379680636688
              ],
              [
                7.728598483002029,
                48.51393430619931
              ],
              [
                7.728598501506611,
                48.51393441390434
              ],
              [
                7.72861894541673,
                48.51403238463633
              ],
              [
                7.728726054684254,
                48.51451093032147
              ],
              [
                7.728726068228661,
                48.514510986022565
              ],
              [
                7.728860051518916,
                48.51502124144073
              ],
              [
                7.728865917025139,
                48.51502375761408
              ],
              [
                7.728865662261231,
                48.51502401975778
              ]
            ]
          ]
        ]
      }
    },
    {
      "type": "Feature",
      "properties": {
        "fid": 315,
        "acess_TC": "Plus de 10 minutes",
        "articu_piste_cyclable": "Acces indirect",
        "acess_restauration": "Plus de 10 minutes",
        "acess_echangeur": "Moins de 10 minutes",
        "proximite_res_elect": "Moins de 400 m",
        "articu_zae_existante": "Moins de 400 m",
        "enjeux_forestier": "Oui",
        "expo_risq_inondation": "Oui",
        "expo_risque_mvt_terrain": "Oui",
        "pres_zone_hum_res_biodiv": "Oui",
        "pente_moy_terrain": "Faible (< 10 %)",
        "posi_armature_urbaine": "Les Polarités",
        "maitrise_fonciere": "Public",
        "proximite_aep": "Moins de 400 m",
        "proximite_res_chauffage_urb": "Plus de 400 m",
        "std_acess_TC": 0.5,
        "std_articu_piste_cyclable": 0.75,
        "std_acess_restauration": 0.5,
        "std_acess_echangeur": 1.0,
        "std_posi_armature_urbaine": 0.75,
        "std_proximite_res_elect": 0.75,
        "std_articu_zae_existante": 1.0,
        "std_proximite_aep": 1.0,
        "std_proximite_res_chauffage_urb": 0.5,
        "std_enjeux_forestier": 0.25,
        "std_expo_risq_inondation": 0.25,
        "std_expo_risque_mvt_terrain": 0.25,
        "std_pres_zone_hum_res_biodiv": 0.25,
        "std_pente_moy_terrain": 1.0,
        "std_maitrise_fonciere": 1.0,
        "mf_attractivite_geog": 0.7822024479275782,
        "mf_aptitude_aux_rese": 0.868421052631579,
        "mf_enjeux_forestiers": 0.25,
        "mf_aptitude_physique": 1.0,
        "score_final": 0.5368418398432558,
        "classe_apt": "Potentiel de mobilisation modéré",
        "rang": 15,
        "ID": 23,
        "commune": "La Wantzenau",
        "epci": "Eurométropole de Strasbourg",
        "superficie_ha": 315.89
      },
      "geometry": {
        "type": "MultiPolygon",
        "coordinates": [
          [
            [
              [
                7.786382248091807,
                48.66956437011636
              ],
              [
                7.786382248067006,
                48.66956437011571
              ],
              [
                7.78593850518607,
                48.66952302981232
              ],
              [
                7.785937960094476,
                48.669522963907056
              ],
              [
                7.785419927024829,
                48.66944574176795
              ],
              [
                7.785419390600573,
                48.669445646380524
              ],
              [
                7.784910981086552,
                48.669340297391834
              ],
              [
                7.784910720662191,
                48.669340239572506
              ],
              [
                7.783559055598101,
                48.669019850034196
              ],
              [
                7.783558932203337,
                48.66901982254086
              ],
              [
                7.783048621876065,
                48.66891328998244
              ],
              [
                7.783048401370693,
                48.66891324930938
              ],
              [
                7.782513576977647,
                48.66882735650149
              ],
              [
                7.782513277775092,
                48.66882731778234
              ],
              [
                7.78195337479108,
                48.668772022350296
              ],
              [
                7.781953094806862,
                48.668772002521926
              ],
              [
                7.781395500443344,
                48.66874795505922
              ],
              [
                7.781395251889575,
                48.668747950385345
              ],
              [
                7.781288708476151,
                48.66874853316613
              ],
              [
                7.781286605693217,
                48.668750783445034
              ],
              [
                7.781439630698112,
                48.66895843781831
              ],
              [
                7.781442614818158,
                48.66895957674912
              ],
              [
                7.781917561376562,
                48.66893713961945
              ],
              [
                7.781919227885598,
                48.66893719705781
              ],
              [
                7.782711224043722,
                48.66903004450888
              ],
              [
                7.782712158834097,
                48.669030200109376
              ],
              [
                7.785350595493619,
                48.669603955530775
              ],
              [
                7.785351011353354,
                48.669604026988765
              ],
              [
                7.786237101909545,
                48.669717172557085
              ],
              [
                7.786238997991423,
                48.66971761544258
              ],
              [
                7.786378174835485,
                48.66976650475915
              ],
              [
                7.786380132433184,
                48.66976753844229
              ],
              [
                7.786463994725394,
                48.66983185728433
              ],
              [
                7.78660278410381,
                48.669938302400695
              ],
              [
                7.786605550125325,
                48.66993902067529
              ],
              [
                7.786692683105118,
                48.66993257827156
              ],
              [
                7.787862806169479,
                48.66984600557248
              ],
              [
                7.787863125481431,
                48.66984598698866
              ],
              [
                7.788996279832718,
                48.66979785258507
              ],
              [
                7.789427771577327,
                48.66977754974943
              ],
              [
                7.789427838495318,
                48.66977754615982
              ],
              [
                7.794330735762919,
                48.66948209567409
              ],
              [
                7.794330863031401,
                48.66948208639631
              ],
              [
                7.794346318204173,
                48.669480763899955
              ],
              [
                7.794346396443304,
                48.66948075751065
              ],
              [
                7.794955736830159,
                48.6694333716898
              ],
              [
                7.794956198859045,
                48.669433314021504
              ],
              [
                7.795166941323757,
                48.66939683199173
              ],
              [
                7.795167891697255,
                48.669396558575265
              ],
              [
                7.795237598987721,
                48.66936736112811
              ],
              [
                7.795427232355799,
                48.66928787755436
              ],
              [
                7.79542947766378,
                48.66928727517155
              ],
              [
                7.795607304256219,
                48.669262723172054
              ],
              [
                7.795609048102061,
                48.66926263479819
              ],
              [
                7.795821565251893,
                48.66927007124678
              ],
              [
                7.795822999933608,
                48.669270224597355
              ],
              [
                7.796080548093224,
                48.66931692467721
              ],
              [
                7.796081144988468,
                48.66931699563988
              ],
              [
                7.796346277854036,
                48.66933248711626
              ],
              [
                7.796348038299528,
                48.669332269964386
              ],
              [
                7.796453162023752,
                48.66929809872027
              ],
              [
                7.796453261711048,
                48.66929806698079
              ],
              [
                7.796468806472464,
                48.66929322051252
              ],
              [
                7.796468858907346,
                48.66929320379956
              ],
              [
                7.796497818977428,
                48.669283769829896
              ],
              [
                7.796506672301922,
                48.669285529862854
              ],
              [
                7.796514048412014,
                48.66929385796638
              ],
              [
                7.796517657675375,
                48.66929467906779
              ],
              [
                7.796548293511684,
                48.6692866081018
              ],
              [
                7.79654886205707,
                48.669286477332385
              ],
              [
                7.796694912892221,
                48.66925762050191
              ],
              [
                7.7967083327586,
                48.669254949442625
              ],
              [
                7.79670834645736,
                48.66925494672646
              ],
              [
                7.79689530841302,
                48.669218018220526
              ],
              [
                7.796895370725344,
                48.6692180054797
              ],
              [
                7.797228302585111,
                48.66914760449592
              ],
              [
                7.797228477111399,
                48.66914756409001
              ],
              [
                7.797300533011179,
                48.66912940873521
              ],
              [
                7.797558589302161,
                48.669064407130406
              ],
              [
                7.797558732411313,
                48.66906436859151
              ],
              [
                7.797884581844604,
                48.66897083972176
              ],
              [
                7.79788474270886,
                48.6689707902025
              ],
              [
                7.798202924995555,
                48.66886606181647
              ],
              [
                7.798203146444911,
                48.66886598200085
              ],
              [
                7.798507159270227,
                48.66874650701597
              ],
              [
                7.798892013524668,
                48.66859394224574
              ],
              [
                7.799672405647406,
                48.6682850756665
              ],
              [
                7.800449791475835,
                48.667977174648435
              ],
              [
                7.80083736498348,
                48.667823655857674
              ],
              [
                7.802002550369789,
                48.6673621153636
              ],
              [
                7.803167758224292,
                48.66690058823485
              ],
              [
                7.804332709400992,
                48.66643914926214
              ],
              [
                7.805497886275624,
                48.665977589730744
              ],
              [
                7.806357332903975,
                48.665636754956076
              ],
              [
                7.806661882755269,
                48.665515715613
              ],
              [
                7.806661891778807,
                48.66551571203299
              ],
              [
                7.806836683401172,
                48.665446486500315
              ],
              [
                7.807826920937232,
                48.665054197570505
              ],
              [
                7.808030113880044,
                48.6649737025535
              ],
              [
                7.808076701824225,
                48.6649552327423
              ],
              [
                7.808891189005198,
                48.66463257236661
              ],
              [
                7.808992153151278,
                48.66459255257846
              ],
              [
                7.810157102877751,
                48.66413099637076
              ],
              [
                7.811321622758845,
                48.66366957170681
              ],
              [
                7.811550906240486,
                48.66357873387296
              ],
              [
                7.811964766721939,
                48.663412330603464
              ],
              [
                7.81196613898812,
                48.66341013831844
              ],
              [
                7.811957341638857,
                48.663386234046996
              ],
              [
                7.811957331624217,
                48.66338620645711
              ],
              [
                7.811898403456632,
                48.663221578325235
              ],
              [
                7.811818026532048,
                48.663002986004756
              ],
              [
                7.811695759921897,
                48.662675269898514
              ],
              [
                7.811695755728171,
                48.66267525859506
              ],
              [
                7.811616286104889,
                48.66245985866701
              ],
              [
                7.811245562639643,
                48.66147537099628
              ],
              [
                7.81123184461992,
                48.66143895161411
              ],
              [
                7.810539719274577,
                48.65960125894412
              ],
              [
                7.810539706576584,
                48.659601224655404
              ],
              [
                7.810162901079635,
                48.6585661659527
              ],
              [
                7.810162711241273,
                48.658565792223676
              ],
              [
                7.810002269554088,
                48.65832294882803
              ],
              [
                7.81000159410744,
                48.65832228489188
              ],
              [
                7.809819416720043,
                48.65819869195751
              ],
              [
                7.809819148687103,
                48.65819849918699
              ],
              [
                7.809757555189916,
                48.65815152476273
              ],
              [
                7.809737814387359,
                48.65813645655367
              ],
              [
                7.809624334353571,
                48.65804990266836
              ],
              [
                7.809597879956305,
                48.65803007544826
              ],
              [
                7.809597544660741,
                48.658029856807644
              ],
              [
                7.809089143915258,
                48.65774150418271
              ],
              [
                7.809089105188128,
                48.65774148204938
              ],
              [
                7.808827473624332,
                48.657590810998364
              ],
              [
                7.80871643573735,
                48.657526846621934
              ],
              [
                7.808690033656813,
                48.65751164890011
              ],
              [
                7.808690000987618,
                48.6575116303344
              ],
              [
                7.808444893717636,
                48.65737411408955
              ],
              [
                7.808441341346585,
                48.65737393456585
              ],
              [
                7.808345606974147,
                48.657412855343615
              ],
              [
                7.808046376331907,
                48.65753454269375
              ],
              [
                7.807580297794935,
                48.65772594570604
              ],
              [
                7.807580271160169,
                48.65772595658774
              ],
              [
                7.807324827227123,
                48.65782978081668
              ],
              [
                7.806169143548643,
                48.65830170047542
              ],
              [
                7.805013406045547,
                48.65877335589736
              ],
              [
                7.803857527623948,
                48.65924502247517
              ],
              [
                7.802701777473492,
                48.65971668041003
              ],
              [
                7.801546046805397,
                48.6601883250294
              ],
              [
                7.800390173888046,
                48.66065997202262
              ],
              [
                7.799565275777495,
                48.660996623995416
              ],
              [
                7.79956525909799,
                48.66099663078048
              ],
              [
                7.799541999778265,
                48.661006061898846
              ],
              [
                7.799517627260808,
                48.66101604732528
              ],
              [
                7.799482874992395,
                48.66103028377977
              ],
              [
                7.799482863914354,
                48.66103028830824
              ],
              [
                7.799234444168393,
                48.66113161857778
              ],
              [
                7.798078733530327,
                48.66160326130303
              ],
              [
                7.796923003790754,
                48.66207491019188
              ],
              [
                7.795767253595304,
                48.662546556476215
              ],
              [
                7.794611469412462,
                48.66301819138774
              ],
              [
                7.793942783236282,
                48.66329124364942
              ],
              [
                7.793872764752688,
                48.66331978309854
              ],
              [
                7.793849819297693,
                48.66332911565161
              ],
              [
                7.793839721056339,
                48.663326476518115
              ],
              [
                7.793819855760804,
                48.66327866543757
              ],
              [
                7.79381983895086,
                48.663278626363244
              ],
              [
                7.793777031660011,
                48.663182427553195
              ],
              [
                7.793619899778731,
                48.66282870901179
              ],
              [
                7.79361978997398,
                48.66282850032277
              ],
              [
                7.793284315116201,
                48.66227940349611
              ],
              [
                7.793284296962154,
                48.662279374370186
              ],
              [
                7.792770643106406,
                48.661471362340365
              ],
              [
                7.792770554445688,
                48.661471215722564
              ],
              [
                7.792503547000623,
                48.66100616767631
              ],
              [
                7.792503518410005,
                48.661006119552376
              ],
              [
                7.791815801604462,
                48.65988647927946
              ],
              [
                7.791815761312422,
                48.659886416431085
              ],
              [
                7.791804530858365,
                48.65986961270665
              ],
              [
                7.791778450957391,
                48.659830621772834
              ],
              [
                7.79177831872919,
                48.65983044538269
              ],
              [
                7.791682697098076,
                48.65971579022895
              ],
              [
                7.791682646104009,
                48.65971573121072
              ],
              [
                7.791358130927914,
                48.659352984142785
              ],
              [
                7.791358086667056,
                48.65935293392974
              ],
              [
                7.791102236888845,
                48.6590583183244
              ],
              [
                7.791102217960826,
                48.659058296804886
              ],
              [
                7.790665645876354,
                48.658568206586835
              ],
              [
                7.790272944207915,
                48.6581370464095
              ],
              [
                7.790272881475651,
                48.658136980165295
              ],
              [
                7.789601729415433,
                48.657454886483656
              ],
              [
                7.789601708696051,
                48.657454865679114
              ],
              [
                7.789171577938602,
                48.65702812630662
              ],
              [
                7.789171454137172,
                48.65702799888275
              ],
              [
                7.788731793965193,
                48.656558264692826
              ],
              [
                7.788731552643669,
                48.656557984961296
              ],
              [
                7.788669439020913,
                48.656479593689596
              ],
              [
                7.78866942213413,
                48.656479572237366
              ],
              [
                7.788595401413125,
                48.65638491927327
              ],
              [
                7.788424962023839,
                48.656167159772444
              ],
              [
                7.788424943577541,
                48.656167136537576
              ],
              [
                7.788105470080896,
                48.655770364920684
              ],
              [
                7.78810544832025,
                48.6557703376702
              ],
              [
                7.787816660166611,
                48.65540567211796
              ],
              [
                7.787790021139632,
                48.65537204915174
              ],
              [
                7.78735217028099,
                48.65482262042069
              ],
              [
                7.787352149023664,
                48.65482259416868
              ],
              [
                7.787073294898997,
                48.654483626434335
              ],
              [
                7.787073283380545,
                48.65448361237325
              ],
              [
                7.786824798191398,
                48.654178982094564
              ],
              [
                7.786824778607318,
                48.65417895790917
              ],
              [
                7.786598286774835,
                48.65389718909937
              ],
              [
                7.78659823563559,
                48.65389712421147
              ],
              [
                7.786378749141943,
                48.653613016041284
              ],
              [
                7.786378724663634,
                48.65361298495575
              ],
              [
                7.786158911048663,
                48.65333906595995
              ],
              [
                7.785872526257201,
                48.65298162761766
              ],
              [
                7.785872508038445,
                48.652981604719685
              ],
              [
                7.785520023629362,
                48.652535478056684
              ],
              [
                7.785148774426045,
                48.652073522241714
              ],
              [
                7.785148715887416,
                48.65207345241819
              ],
              [
                7.785044639939012,
                48.65195434657189
              ],
              [
                7.785044605132097,
                48.65195430764673
              ],
              [
                7.784794431329036,
                48.651680843773185
              ],
              [
                7.78479440447889,
                48.651680814167364
              ],
              [
                7.784551007871504,
                48.65141008627166
              ],
              [
                7.784550963104486,
                48.651410035731345
              ],
              [
                7.784265127946137,
                48.65108246580507
              ],
              [
                7.784264231802498,
                48.65108051652946
              ],
              [
                7.784259549498124,
                48.65103438879377
              ],
              [
                7.784259349594149,
                48.651033766708544
              ],
              [
                7.784209846617567,
                48.65094458008476
              ],
              [
                7.784207144105173,
                48.650943241381356
              ],
              [
                7.784184904240758,
                48.65094227399193
              ],
              [
                7.784125402369645,
                48.650939865946725
              ],
              [
                7.784030049800774,
                48.650935991352654
              ],
              [
                7.784029112567943,
                48.650936040131526
              ],
              [
                7.783968089870617,
                48.650944997963514
              ],
              [
                7.783954843084646,
                48.650946986113915
              ],
              [
                7.782527362228562,
                48.651162488081646
              ],
              [
                7.782526467001167,
                48.651162582098586
              ],
              [
                7.779948911331353,
                48.65131732219858
              ],
              [
                7.779948843184,
                48.65131732605972
              ],
              [
                7.778633189357556,
                48.651387439427495
              ],
              [
                7.778632273174579,
                48.651387447139705
              ],
              [
                7.778611606925534,
                48.65138669543476
              ],
              [
                7.778609424322076,
                48.651388867597106
              ],
              [
                7.778610734343638,
                48.65139066046066
              ],
              [
                7.778848206968298,
                48.651709983960615
              ],
              [
                7.779368381460484,
                48.65240946735624
              ],
              [
                7.779365336338497,
                48.652415475071955
              ],
              [
                7.776774028498932,
                48.653276754538645
              ],
              [
                7.774853873104902,
                48.653914942513445
              ],
              [
                7.771557272601778,
                48.65501045240788
              ],
              [
                7.771556019826748,
                48.65501295275633
              ],
              [
                7.775032538607491,
                48.659604863977464
              ],
              [
                7.775029458492163,
                48.65961091874469
              ],
              [
                7.773619959063556,
                48.66006861281351
              ],
              [
                7.773618680913711,
                48.660071110773636
              ],
              [
                7.77610640463592,
                48.663385329946735
              ],
              [
                7.776109979065677,
                48.663386286830715
              ],
              [
                7.777147368729516,
                48.663142250711104
              ],
              [
                7.777155742141919,
                48.66314451626625
              ],
              [
                7.781058894408732,
                48.66844179893579
              ],
              [
                7.781060931178706,
                48.66844292379269
              ],
              [
                7.781147795807734,
                48.668459052525165
              ],
              [
                7.781147889351766,
                48.66845906894524
              ],
              [
                7.781852462987147,
                48.668575649675354
              ],
              [
                7.781852590313393,
                48.66857567161288
              ],
              [
                7.782927499552843,
                48.66876824953783
              ],
              [
                7.783871040214168,
                48.668931088858045
              ],
              [
                7.783871089923486,
                48.668931097570095
              ],
              [
                7.785102582084743,
                48.669150229278785
              ],
              [
                7.78510268295415,
                48.669150246133725
              ],
              [
                7.785381536605433,
                48.669193842434595
              ],
              [
                7.785730845077239,
                48.6692474992381
              ],
              [
                7.785730947746599,
                48.66924751390409
              ],
              [
                7.786028208398014,
                48.66928679908815
              ],
              [
                7.786028376572212,
                48.66928681841496
              ],
              [
                7.786629098866825,
                48.669345589462615
              ],
              [
                7.786629458178351,
                48.66934563117527
              ],
              [
                7.786879867389148,
                48.669379316559514
              ],
              [
                7.786880436106424,
                48.669379360374855
              ],
              [
                7.787157120571835,
                48.669385083839906
              ],
              [
                7.787157199346111,
                48.669385085772554
              ],
              [
                7.787979838994769,
                48.669408433416315
              ],
              [
                7.787979911969611,
                48.669408434966684
              ],
              [
                7.788588336670756,
                48.66941702310524
              ],
              [
                7.788588400950717,
                48.66941702421411
              ],
              [
                7.788877456969608,
                48.66942291758369
              ],
              [
                7.78887779411703,
                48.66942291335311
              ],
              [
                7.789206807811827,
                48.669407927795355
              ],
              [
                7.789206965946612,
                48.6694079218191
              ],
              [
                7.789225469639146,
                48.66940736584893
              ],
              [
                7.789576208969098,
                48.66939691565221
              ],
              [
                7.789576306055586,
                48.66939691183575
              ],
              [
                7.790736792353425,
                48.66934022795411
              ],
              [
                7.790736845291888,
                48.669340225092135
              ],
              [
                7.791818763885519,
                48.669276082444796
              ],
              [
                7.791818806753487,
                48.669276079721506
              ],
              [
                7.792370002351221,
                48.66923872415093
              ],
              [
                7.792370512925045,
                48.66923866311373
              ],
              [
                7.792635070253146,
                48.669192954499934
              ],
              [
                7.792635700493418,
                48.66919279996698
              ],
              [
                7.792991746683247,
                48.66907773569755
              ],
              [
                7.792994522443224,
                48.669077282222624
              ],
              [
                7.793246143659593,
                48.66907232872098
              ],
              [
                7.79324844915309,
                48.669072548044305
              ],
              [
                7.79371889915473,
                48.66917408793546
              ],
              [
                7.793719353807339,
                48.669174163494965
              ],
              [
                7.79401408625788,
                48.66920901421759
              ],
              [
                7.79401488345512,
                48.66920904507031
              ],
              [
                7.794586826829068,
                48.669186312477024
              ],
              [
                7.794587040501719,
                48.66918630621901
              ],
              [
                7.794906080902213,
                48.66918029452962
              ],
              [
                7.794906471246358,
                48.66918027218105
              ],
              [
                7.795146151714905,
                48.6691572509378
              ],
              [
                7.796185187856505,
                48.669056848469396
              ],
              [
                7.796313745020574,
                48.669044431354955
              ],
              [
                7.796314241766851,
                48.66904435779768
              ],
              [
                7.796350307100725,
                48.669037096743835
              ],
              [
                7.796358653492331,
                48.66903984555986
              ],
              [
                7.796396557971606,
                48.66910802137274
              ],
              [
                7.79639426285834,
                48.66911317209228
              ],
              [
                7.796362568316506,
                48.66912893228486
              ],
              [
                7.796359362037569,
                48.66912979593916
              ],
              [
                7.796293892713247,
                48.669135400198726
              ],
              [
                7.79629386635481,
                48.66913540242031
              ],
              [
                7.795744906923194,
                48.66918094669461
              ],
              [
                7.795744572191878,
                48.6691809689019
              ],
              [
                7.794390073325824,
                48.669248424927254
              ],
              [
                7.793774539750283,
                48.669279455448255
              ],
              [
                7.793771944579633,
                48.66927925223064
              ],
              [
                7.793644104222859,
                48.66925200530257
              ],
              [
                7.793644097724915,
                48.669252003915254
              ],
              [
                7.793482625935115,
                48.66921747009108
              ],
              [
                7.793257755511322,
                48.669169624510964
              ],
              [
                7.793256749272206,
                48.66916951744616
              ],
              [
                7.793046980911378,
                48.66916844214285
              ],
              [
                7.793045479136237,
                48.66916866909159
              ],
              [
                7.792872114925416,
                48.669225042946806
              ],
              [
                7.792754587356587,
                48.66926344169649
              ],
              [
                7.79275457343507,
                48.66926344623184
              ],
              [
                7.792511325669219,
                48.66934246270124
              ],
              [
                7.792508842798854,
                48.669342909615594
              ],
              [
                7.792374483839644,
                48.66934957288324
              ],
              [
                7.791681668820462,
                48.669384970614814
              ],
              [
                7.791681661540748,
                48.669384970984126
              ],
              [
                7.790327400143838,
                48.66945318182388
              ],
              [
                7.78915057137939,
                48.669512229214924
              ],
              [
                7.787664818296536,
                48.669587257067825
              ],
              [
                7.787664531484095,
                48.669587267513585
              ],
              [
                7.787133027163535,
                48.66959916205118
              ],
              [
                7.787132518104683,
                48.66959916079583
              ],
              [
                7.78659969910544,
                48.66958460527243
              ],
              [
                7.786599033248608,
                48.669584565260365
              ],
              [
                7.786382248091461,
                48.669564370117975
              ],
              [
                7.786382248091807,
                48.66956437011636
              ]
            ]
          ]
        ]
      }
    }
  ]
}
